"Address","Content Type","Status Code","Status"
"https://www.onlinepokerbonuses.com/","text/html; charset=utf-8","200","OK"
"https://www.onlinepokerbonuses.com/reviews/betonline-poker/","text/html; charset=utf-8","200","OK"
"https://www.onlinepokerbonuses.com/responsible-gambling/","text/html; charset=utf-8","200","OK"
"https://www.onlinepokerbonuses.com/news/","text/html; charset=utf-8","200","OK"
"https://www.onlinepokerbonuses.com/bonus-types/","text/html; charset=utf-8","200","OK"
"https://www.onlinepokerbonuses.com/reviews/black-chip-poker/","text/html; charset=utf-8","200","OK"
"https://www.onlinepokerbonuses.com/canada/","text/html; charset=utf-8","200","OK"
"https://www.onlinepokerbonuses.com/news/crypto-network-fees-poker-deposits-2026/","text/html; charset=utf-8","200","OK"
"https://www.onlinepokerbonuses.com/reviews/americas-cardroom/","text/html; charset=utf-8","200","OK"
"https://www.onlinepokerbonuses.com/reviews/sportsbetting-ag/","text/html; charset=utf-8","200","OK"
"https://www.onlinepokerbonuses.com/reviews/tigergaming/","text/html; charset=utf-8","200","OK"
"https://www.onlinepokerbonuses.com/about/","text/html; charset=utf-8","200","OK"
"https://www.onlinepokerbonuses.com/best-poker-bonuses/","text/html; charset=utf-8","200","OK"
"https://www.onlinepokerbonuses.com/usa/","text/html; charset=utf-8","200","OK"
"https://www.onlinepokerbonuses.com/how-to-claim/","text/html; charset=utf-8","200","OK"
"https://www.onlinepokerbonuses.com/news/icm-explained-tournament-poker-2026/","text/html; charset=utf-8","200","OK"
"https://www.onlinepokerbonuses.com/news/ontario-regulated-vs-offshore-poker-2026/","text/html; charset=utf-8","200","OK"
"https://www.onlinepokerbonuses.com/news/freeroll-strategy-build-bankroll-from-zero-2026/","text/html; charset=utf-8","200","OK"
"https://www.onlinepokerbonuses.com/news/mystery-bounty-strategy-2026/","text/html; charset=utf-8","200","OK"
"https://www.onlinepokerbonuses.com/news/clear-2000-poker-bonus-guide/","text/html; charset=utf-8","200","OK"
"https://www.onlinepokerbonuses.com/news/poker-bonus-codes-2026-guide/","text/html; charset=utf-8","200","OK"
"https://www.onlinepokerbonuses.com/news/rakeback-wars-wpn-chico-2026/","text/html; charset=utf-8","200","OK"
"https://www.onlinepokerbonuses.com/news/venom-2026-bonus-hunters/","text/html; charset=utf-8","200","OK"
"https://www.onlinepokerbonuses.com/news/canada-online-poker-2026/","text/html; charset=utf-8","200","OK"
"https://www.onlinepokerbonuses.com/news/betonline-weekly-rakeback-deep-dive/","text/html; charset=utf-8","200","OK"
"https://www.onlinepokerbonuses.com/news/best-crypto-for-poker-deposits-2026/","text/html; charset=utf-8","200","OK"
"https://www.onlinepokerbonuses.com/news/late-registration-strategy-tournaments-2026/","text/html; charset=utf-8","200","OK"
"https://www.onlinepokerbonuses.com/news/table-selection-softest-games-2026/","text/html; charset=utf-8","200","OK"
"https://www.onlinepokerbonuses.com/news/wpn-vs-chico-value-2026/","text/html; charset=utf-8","200","OK"
"https://www.onlinepokerbonuses.com/news/poker-vs-casino-bonus-combined-sites-2026/","text/html; charset=utf-8","200","OK"
"https://www.onlinepokerbonuses.com/news/reload-bonuses-explained-2026/","text/html; charset=utf-8","200","OK"
"https://www.onlinepokerbonuses.com/news/loyalty-tiers-wpn-chico-2026/","text/html; charset=utf-8","200","OK"
"https://www.onlinepokerbonuses.com/news/tigergaming-vs-sportsbetting-chico-value-2026/","text/html; charset=utf-8","200","OK"
"https://www.onlinepokerbonuses.com/news/sit-and-go-bankroll-builder-2026/","text/html; charset=utf-8","200","OK"
"https://www.onlinepokerbonuses.com/news/crypto-deposit-boosts-explained-2026/","text/html; charset=utf-8","200","OK"
"https://www.onlinepokerbonuses.com/news/crypto-cashouts-us-canada-2026/","text/html; charset=utf-8","200","OK"
"https://www.onlinepokerbonuses.com/news/bankroll-management-bonus-clearing-2026/","text/html; charset=utf-8","200","OK"
"https://www.onlinepokerbonuses.com/news/stablecoin-poker-deposits-2026/","text/html; charset=utf-8","200","OK"
"https://www.onlinepokerbonuses.com/news/first-deposit-bonus-mistakes-2026/","text/html; charset=utf-8","200","OK"
"https://www.onlinepokerbonuses.com/news/deposit-match-vs-rakeback-2026/","text/html; charset=utf-8","200","OK"
"https://www.onlinepokerbonuses.com/news/are-poker-bonuses-taxable-us-canada-2026/","text/html; charset=utf-8","200","OK"
"https://www.onlinepokerbonuses.com/news/us-online-poker-legislation-2026/","text/html; charset=utf-8","200","OK"
"https://www.onlinepokerbonuses.com/news/no-deposit-poker-bonuses-2026/","text/html; charset=utf-8","200","OK"
"https://www.onlinepokerbonuses.com/news/sweepstakes-vs-offshore-poker-2026/","text/html; charset=utf-8","200","OK"
"https://www.onlinepokerbonuses.com/news/multi-tabling-clear-bonus-faster-2026/","text/html; charset=utf-8","200","OK"
"https://www.onlinepokerbonuses.com/news/mobile-poker-apps-us-canada-2026/","text/html; charset=utf-8","200","OK"
"https://www.onlinepokerbonuses.com/news/oss-chico-series-bonus-clearing-2026/","text/html; charset=utf-8","200","OK"
"https://www.onlinepokerbonuses.com/news/poker-withdrawal-times-us-canada-2026/","text/html; charset=utf-8","200","OK"
