"Address","Occurrences","H2-1","H2-1 Length","H2-2","H2-2 Length","Indexability","Indexability Status"
"https://www.onlinepokerbonuses.com/","6","Top Poker Bonuses Compared","26","2026's Best Poker Bonus Offers","30","Non-Indexable","Canonicalised"
"https://www.onlinepokerbonuses.com/reviews/betonline-poker/","8","The BetOnline welcome bonus","27","Games & traffic","15","Non-Indexable","Canonicalised"
"https://www.onlinepokerbonuses.com/responsible-gambling/","3","Play within your limits","23","Warning signs of problem gambling","33","Non-Indexable","Canonicalised"
"https://www.onlinepokerbonuses.com/news/","1","Ready to claim a welcome bonus?","31","","0","Non-Indexable","Canonicalised"
"https://www.onlinepokerbonuses.com/bonus-types/","1","Poker Bonus Types FAQ","21","","0","Non-Indexable","Canonicalised"
"https://www.onlinepokerbonuses.com/reviews/black-chip-poker/","8","The Black Chip welcome bonus","28","Games & traffic","15","Non-Indexable","Canonicalised"
"https://www.onlinepokerbonuses.com/canada/","5","Online poker in Canada","22","Deposits, CAD and crypto","24","Non-Indexable","Canonicalised"
"https://www.onlinepokerbonuses.com/news/crypto-network-fees-poker-deposits-2026/","8","What a network fee actually is","30","Why the coin you choose matters so much","39","Non-Indexable","Canonicalised"
"https://www.onlinepokerbonuses.com/reviews/americas-cardroom/","8","The ACR Poker welcome bonus","27","Games & traffic","15","Non-Indexable","Canonicalised"
"https://www.onlinepokerbonuses.com/reviews/sportsbetting-ag/","8","The SportsBetting.ag welcome bonus","34","Games & traffic","15","Non-Indexable","Canonicalised"
"https://www.onlinepokerbonuses.com/reviews/tigergaming/","8","The TigerGaming welcome bonus","29","Games & traffic","15","Non-Indexable","Canonicalised"
"https://www.onlinepokerbonuses.com/about/","4","What we do","10","How we review","13","Non-Indexable","Canonicalised"
"https://www.onlinepokerbonuses.com/best-poker-bonuses/","2","The Rankings, Reviewed","22","How We Rank Poker Bonuses","25","Non-Indexable","Canonicalised"
"https://www.onlinepokerbonuses.com/usa/","5","Is online poker legal in the US?","32","Banking: why US players use crypto","34","Non-Indexable","Canonicalised"
"https://www.onlinepokerbonuses.com/how-to-claim/","2","Bonus Codes at a Glance","23","Claiming a Bonus — FAQ","22","Non-Indexable","Canonicalised"
"https://www.onlinepokerbonuses.com/news/icm-explained-tournament-poker-2026/","8","The core idea: chips don't equal dollars","40","Why ICM makes you tighten up","28","Non-Indexable","Canonicalised"
"https://www.onlinepokerbonuses.com/news/ontario-regulated-vs-offshore-poker-2026/","8","What 'regulated' actually means in Ontario","42","Liquidity: the make-or-break factor","35","Non-Indexable","Canonicalised"
"https://www.onlinepokerbonuses.com/news/freeroll-strategy-build-bankroll-from-zero-2026/","8","What freerolls actually are","27","Why freeroll strategy is different","34","Non-Indexable","Canonicalised"
"https://www.onlinepokerbonuses.com/news/mystery-bounty-strategy-2026/","7","What a Mystery Bounty tournament actually is","44","The bounty phase changes your incentives","40","Non-Indexable","Canonicalised"
"https://www.onlinepokerbonuses.com/news/clear-2000-poker-bonus-guide/","8","How bonus clearing actually works","33","Match the bonus to your volume","30","Non-Indexable","Canonicalised"
"https://www.onlinepokerbonuses.com/news/poker-bonus-codes-2026-guide/","8","What a bonus code does","22","Where to enter the code","23","Non-Indexable","Canonicalised"
"https://www.onlinepokerbonuses.com/news/rakeback-wars-wpn-chico-2026/","8","First, what is rakeback?","24","WPN's Elite Benefits: up to 65%, tier-based","43","Non-Indexable","Canonicalised"
"https://www.onlinepokerbonuses.com/news/venom-2026-bonus-hunters/","7","Why the Venom is built for bonus clearing","41","The rakeback multiplier","23","Non-Indexable","Canonicalised"
"https://www.onlinepokerbonuses.com/news/canada-online-poker-2026/","8","The Ontario model","17","Provincial platforms","20","Non-Indexable","Canonicalised"
"https://www.onlinepokerbonuses.com/news/betonline-weekly-rakeback-deep-dive/","8","How Friday payday works","23","Who benefits most","17","Non-Indexable","Canonicalised"
"https://www.onlinepokerbonuses.com/news/best-crypto-for-poker-deposits-2026/","8","Bitcoin: the universal default","30","Litecoin: the grinder's workhorse","33","Non-Indexable","Canonicalised"
"https://www.onlinepokerbonuses.com/news/late-registration-strategy-tournaments-2026/","7","What late registration really changes","37","When late-regging is the smart play","35","Non-Indexable","Canonicalised"
"https://www.onlinepokerbonuses.com/news/table-selection-softest-games-2026/","8","Why table selection beats studying strategy","43","The signs of a soft table","25","Non-Indexable","Canonicalised"
"https://www.onlinepokerbonuses.com/news/wpn-vs-chico-value-2026/","8","The rooms on each network","25","Bonuses: WPN goes bigger","24","Non-Indexable","Canonicalised"
"https://www.onlinepokerbonuses.com/news/poker-vs-casino-bonus-combined-sites-2026/","8","Two bonuses, two very different mechanics","41","Why you usually can't have both","31","Non-Indexable","Canonicalised"
"https://www.onlinepokerbonuses.com/news/reload-bonuses-explained-2026/","7","How a reload bonus actually works","33","Reloads versus rakeback: two different levers","45","Non-Indexable","Canonicalised"
"https://www.onlinepokerbonuses.com/news/loyalty-tiers-wpn-chico-2026/","8","Why loyalty tiers matter more than the welcome bonus","52","How WPN's Elite Benefits program is structured","46","Non-Indexable","Canonicalised"
"https://www.onlinepokerbonuses.com/news/tigergaming-vs-sportsbetting-chico-value-2026/","8","What the two rooms share","24","The welcome bonus comparison","28","Non-Indexable","Canonicalised"
"https://www.onlinepokerbonuses.com/news/sit-and-go-bankroll-builder-2026/","7","Why Sit & Gos are a bankroll builder's best friend","50","The three phases of a single-table SNG","38","Non-Indexable","Canonicalised"
"https://www.onlinepokerbonuses.com/news/crypto-deposit-boosts-explained-2026/","7","The processing-cost story","25","What the boosts typically look like","35","Non-Indexable","Canonicalised"
"https://www.onlinepokerbonuses.com/news/crypto-cashouts-us-canada-2026/","8","The problem crypto solves","25","Deposits: instant and rarely declined","37","Non-Indexable","Canonicalised"
"https://www.onlinepokerbonuses.com/news/bankroll-management-bonus-clearing-2026/","8","Start with the release rate, not the headline","45","The 20-to-40 buy-in rule","24","Non-Indexable","Canonicalised"
"https://www.onlinepokerbonuses.com/news/stablecoin-poker-deposits-2026/","8","What a stablecoin actually is","29","Why price stability matters for your bankroll","45","Non-Indexable","Canonicalised"
"https://www.onlinepokerbonuses.com/news/first-deposit-bonus-mistakes-2026/","10","1. Forgetting to enter the bonus code","37","2. Depositing more than your bonus can match","44","Non-Indexable","Canonicalised"
"https://www.onlinepokerbonuses.com/news/deposit-match-vs-rakeback-2026/","7","Two very different kinds of value","33","Running the numbers","19","Non-Indexable","Canonicalised"
"https://www.onlinepokerbonuses.com/news/are-poker-bonuses-taxable-us-canada-2026/","7","The United States: winnings are generally taxable income","56","Canada: a very different starting point","39","Non-Indexable","Canonicalised"
"https://www.onlinepokerbonuses.com/news/us-online-poker-legislation-2026/","8","The regulated states","20","Why player pools matter","23","Non-Indexable","Canonicalised"
"https://www.onlinepokerbonuses.com/news/no-deposit-poker-bonuses-2026/","7","What a no-deposit bonus actually gives you","42","The catch: playthrough requirements","35","Non-Indexable","Canonicalised"
"https://www.onlinepokerbonuses.com/news/sweepstakes-vs-offshore-poker-2026/","7","How the two models are structured","33","The legal picture in plain terms","32","Non-Indexable","Canonicalised"
"https://www.onlinepokerbonuses.com/news/multi-tabling-clear-bonus-faster-2026/","8","Why volume, not skill, clears the bonus","39","Add tables gradually, not all at once","37","Non-Indexable","Canonicalised"
"https://www.onlinepokerbonuses.com/news/mobile-poker-apps-us-canada-2026/","8","How mobile poker grew up","24","What mobile does well","21","Non-Indexable","Canonicalised"
"https://www.onlinepokerbonuses.com/news/oss-chico-series-bonus-clearing-2026/","8","What the Online Super Series actually is","40","Why a tournament series is built for bonus clearing","51","Non-Indexable","Canonicalised"
"https://www.onlinepokerbonuses.com/news/poker-withdrawal-times-us-canada-2026/","8","Crypto is the clear winner on speed","35","Realistic timeframes by method","30","Non-Indexable","Canonicalised"
