"Address","Title 1","Occurrences","HTML hreflang 1","HTML hreflang 1 URL","HTTP hreflang 1","HTTP hreflang 1 URL","Sitemap hreflang 1","Sitemap hreflang 1 URL","Indexability","Indexability Status"
"https://www.onlinepokerbonuses.com/","Best Online Poker Bonuses 2026 — US & Canada","0","","","","","","","Non-Indexable","Canonicalised"
"https://www.onlinepokerbonuses.com/reviews/betonline-poker/","BetOnline Poker Review 2026 — 100% up to $1,000 Bonus (Code POKER1000) | OnlinePokerBonuses.com","0","","","","","","","Non-Indexable","Canonicalised"
"https://www.onlinepokerbonuses.com/responsible-gambling/","Responsible Gambling — Play Safe & Get Support | OnlinePokerBonuses.com","0","","","","","","","Non-Indexable","Canonicalised"
"https://www.onlinepokerbonuses.com/news/","Poker News & Bonus Updates 2026 — US & Canada | OnlinePokerBonuses.com","0","","","","","","","Non-Indexable","Canonicalised"
"https://www.onlinepokerbonuses.com/bonus-types/","Types of Poker Bonuses Explained — Welcome, No Deposit & Rakeback | OnlinePokerBonuses.com","0","","","","","","","Non-Indexable","Canonicalised"
"https://www.onlinepokerbonuses.com/reviews/black-chip-poker/","Black Chip Poker Review 2026 — 100% up to $2,000 Bonus (Code CP1000BCP) | OnlinePokerBonuses.com","0","","","","","","","Non-Indexable","Canonicalised"
"https://www.onlinepokerbonuses.com/canada/","Best Canada Online Poker Bonuses 2026 — For Canadian Players | OnlinePokerBonuses.com","0","","","","","","","Non-Indexable","Canonicalised"
"https://www.onlinepokerbonuses.com/news/crypto-network-fees-poker-deposits-2026/","Crypto Network Fees: The Hidden Cost of Funding Your Poker Account | OnlinePokerBonuses.com","0","","","","","","","Non-Indexable","Canonicalised"
"https://www.onlinepokerbonuses.com/reviews/americas-cardroom/","Americas Cardroom Review 2026 — 100% up to $2,000 Bonus (Code WELCOME100) | OnlinePokerBonuses.com","0","","","","","","","Non-Indexable","Canonicalised"
"https://www.onlinepokerbonuses.com/reviews/sportsbetting-ag/","SportsBetting.ag Review 2026 — 100% up to $1,000 Bonus (Code NEWSB) | OnlinePokerBonuses.com","0","","","","","","","Non-Indexable","Canonicalised"
"https://www.onlinepokerbonuses.com/reviews/tigergaming/","TigerGaming Review 2026 — 100% up to $1,000 Bonus (Code NEWTG) | OnlinePokerBonuses.com","0","","","","","","","Non-Indexable","Canonicalised"
"https://www.onlinepokerbonuses.com/about/","About OnlinePokerBonuses.com — Independent Poker Bonus Reviews | OnlinePokerBonuses.com","0","","","","","","","Non-Indexable","Canonicalised"
"https://www.onlinepokerbonuses.com/best-poker-bonuses/","Best Online Poker Bonuses 2026 — Ranked & Compared | OnlinePokerBonuses.com","0","","","","","","","Non-Indexable","Canonicalised"
"https://www.onlinepokerbonuses.com/usa/","Best US Online Poker Bonuses 2026 — For American Players | OnlinePokerBonuses.com","0","","","","","","","Non-Indexable","Canonicalised"
"https://www.onlinepokerbonuses.com/how-to-claim/","How to Claim an Online Poker Bonus — Step-by-Step Guide 2026 | OnlinePokerBonuses.com","0","","","","","","","Non-Indexable","Canonicalised"
"https://www.onlinepokerbonuses.com/news/icm-explained-tournament-poker-2026/","ICM Explained: Why Your Chips Are Worth Less Than You Think | OnlinePokerBonuses.com","0","","","","","","","Non-Indexable","Canonicalised"
"https://www.onlinepokerbonuses.com/news/ontario-regulated-vs-offshore-poker-2026/","Ontario's Regulated Poker vs Offshore Rooms: A 2026 Guide for Canadians | OnlinePokerBonuses.com","0","","","","","","","Non-Indexable","Canonicalised"
"https://www.onlinepokerbonuses.com/news/freeroll-strategy-build-bankroll-from-zero-2026/","Freeroll Strategy: How to Build a Poker Bankroll From Zero | OnlinePokerBonuses.com","0","","","","","","","Non-Indexable","Canonicalised"
"https://www.onlinepokerbonuses.com/news/mystery-bounty-strategy-2026/","Mystery Bounty Strategy: How to Play Poker's Hottest Format in 2026 | OnlinePokerBonuses.com","0","","","","","","","Non-Indexable","Canonicalised"
"https://www.onlinepokerbonuses.com/news/clear-2000-poker-bonus-guide/","How to Actually Clear a $2,000 Poker Bonus (Without Going Broke) | OnlinePokerBonuses.com","0","","","","","","","Non-Indexable","Canonicalised"
"https://www.onlinepokerbonuses.com/news/poker-bonus-codes-2026-guide/","Poker Bonus Codes 2026: The Complete Guide to Every Welcome Offer for US and Canada | OnlinePokerBonuses.com","0","","","","","","","Non-Indexable","Canonicalised"
"https://www.onlinepokerbonuses.com/news/rakeback-wars-wpn-chico-2026/","Rakeback Wars: How WPN's 65% Elite Benefits Stacks Up Against Chico's Weekly Cash | OnlinePokerBonuses.com","0","","","","","","","Non-Indexable","Canonicalised"
"https://www.onlinepokerbonuses.com/news/venom-2026-bonus-hunters/","The Venom Returns: What ACR's Flagship Tournament Means for Bonus Hunters in 2026 | OnlinePokerBonuses.com","0","","","","","","","Non-Indexable","Canonicalised"
"https://www.onlinepokerbonuses.com/news/canada-online-poker-2026/","Ontario and Beyond: The State of Online Poker in Canada, 2026 | OnlinePokerBonuses.com","0","","","","","","","Non-Indexable","Canonicalised"
"https://www.onlinepokerbonuses.com/news/betonline-weekly-rakeback-deep-dive/","BetOnline's Friday Payday: A Deep Dive Into the Best Weekly Rakeback Online | OnlinePokerBonuses.com","0","","","","","","","Non-Indexable","Canonicalised"
"https://www.onlinepokerbonuses.com/news/best-crypto-for-poker-deposits-2026/","Bitcoin, Litecoin or Stablecoins? Best Crypto for Poker in 2026 | OnlinePokerBonuses.com","0","","","","","","","Non-Indexable","Canonicalised"
"https://www.onlinepokerbonuses.com/news/late-registration-strategy-tournaments-2026/","Late Registration Strategy: When to Late-Reg and When to Fire on Time | OnlinePokerBonuses.com","0","","","","","","","Non-Indexable","Canonicalised"
"https://www.onlinepokerbonuses.com/news/table-selection-softest-games-2026/","How to Find the Softest Poker Games Online in 2026 | OnlinePokerBonuses.com","0","","","","","","","Non-Indexable","Canonicalised"
"https://www.onlinepokerbonuses.com/news/wpn-vs-chico-value-2026/","WPN vs Chico: Which Poker Network Offers Better Value for US Players in 2026? | OnlinePokerBonuses.com","0","","","","","","","Non-Indexable","Canonicalised"
"https://www.onlinepokerbonuses.com/news/poker-vs-casino-bonus-combined-sites-2026/","Poker Bonus vs Casino Bonus: Claim the Right One | OnlinePokerBonuses.com","0","","","","","","","Non-Indexable","Canonicalised"
"https://www.onlinepokerbonuses.com/news/reload-bonuses-explained-2026/","Reload Bonuses Explained: Value After the Welcome Offer | OnlinePokerBonuses.com","0","","","","","","","Non-Indexable","Canonicalised"
"https://www.onlinepokerbonuses.com/news/loyalty-tiers-wpn-chico-2026/","Poker Loyalty Tiers Explained: Getting the Most From WPN and Chico in 2026 | OnlinePokerBonuses.com","0","","","","","","","Non-Indexable","Canonicalised"
"https://www.onlinepokerbonuses.com/news/tigergaming-vs-sportsbetting-chico-value-2026/","TigerGaming vs SportsBetting.ag: Comparing Chico Room Value | OnlinePokerBonuses.com","0","","","","","","","Non-Indexable","Canonicalised"
"https://www.onlinepokerbonuses.com/news/sit-and-go-bankroll-builder-2026/","Sit & Go Strategy for Bankroll Builders: Clear Bonuses One Table at a Time | OnlinePokerBonuses.com","0","","","","","","","Non-Indexable","Canonicalised"
"https://www.onlinepokerbonuses.com/news/crypto-deposit-boosts-explained-2026/","Why Offshore Poker Rooms Pay More for Crypto Deposits | OnlinePokerBonuses.com","0","","","","","","","Non-Indexable","Canonicalised"
"https://www.onlinepokerbonuses.com/news/crypto-cashouts-us-canada-2026/","Crypto Cashouts Explained: Why US and Canada Poker Players Are Going All-In on Bitcoin | OnlinePokerBonuses.com","0","","","","","","","Non-Indexable","Canonicalised"
"https://www.onlinepokerbonuses.com/news/bankroll-management-bonus-clearing-2026/","Bankroll Management for Bonus Clearing: A Grinder's Playbook | OnlinePokerBonuses.com","0","","","","","","","Non-Indexable","Canonicalised"
"https://www.onlinepokerbonuses.com/news/stablecoin-poker-deposits-2026/","Stablecoin Poker Deposits: Why USDT and USDC Won Over Grinders in 2026 | OnlinePokerBonuses.com","0","","","","","","","Non-Indexable","Canonicalised"
"https://www.onlinepokerbonuses.com/news/first-deposit-bonus-mistakes-2026/","7 First-Deposit Poker Bonus Mistakes That Cost Players Money | OnlinePokerBonuses.com","0","","","","","","","Non-Indexable","Canonicalised"
"https://www.onlinepokerbonuses.com/news/deposit-match-vs-rakeback-2026/","Deposit Match vs. Rakeback: Which Poker Bonus Pays More? | OnlinePokerBonuses.com","0","","","","","","","Non-Indexable","Canonicalised"
"https://www.onlinepokerbonuses.com/news/are-poker-bonuses-taxable-us-canada-2026/","Are Poker Bonuses Taxable? A US and Canada Overview for 2026 | OnlinePokerBonuses.com","0","","","","","","","Non-Indexable","Canonicalised"
"https://www.onlinepokerbonuses.com/news/us-online-poker-legislation-2026/","Online Poker Legislation Watch: Where US States Stand in 2026 | OnlinePokerBonuses.com","0","","","","","","","Non-Indexable","Canonicalised"
"https://www.onlinepokerbonuses.com/news/no-deposit-poker-bonuses-2026/","No-Deposit Poker Bonuses in 2026: Are They Still Worth Claiming? | OnlinePokerBonuses.com","0","","","","","","","Non-Indexable","Canonicalised"
"https://www.onlinepokerbonuses.com/news/sweepstakes-vs-offshore-poker-2026/","Sweepstakes Poker vs Offshore Real-Money Poker: A 2026 US Guide | OnlinePokerBonuses.com","0","","","","","","","Non-Indexable","Canonicalised"
"https://www.onlinepokerbonuses.com/news/multi-tabling-clear-bonus-faster-2026/","Multi-Tabling to Clear Your Poker Bonus Faster: A 2026 Volume Guide | OnlinePokerBonuses.com","0","","","","","","","Non-Indexable","Canonicalised"
"https://www.onlinepokerbonuses.com/news/mobile-poker-apps-us-canada-2026/","Mobile Poker in 2026: Playing and Clearing Bonuses on the Go | OnlinePokerBonuses.com","0","","","","","","","Non-Indexable","Canonicalised"
"https://www.onlinepokerbonuses.com/news/oss-chico-series-bonus-clearing-2026/","The OSS Advantage: Clearing Your Chico Bonus During the Online Super Series | OnlinePokerBonuses.com","0","","","","","","","Non-Indexable","Canonicalised"
"https://www.onlinepokerbonuses.com/news/poker-withdrawal-times-us-canada-2026/","How Fast Are Online Poker Withdrawals in 2026? | OnlinePokerBonuses.com","0","","","","","","","Non-Indexable","Canonicalised"
