"Address","Status Code","Status","HTML Word Count","Rendered HTML Word Count","Word Count Change","JS Word Count %","HTML Title","Rendered HTML Title","HTML H1","Rendered HTML H1","HTML Meta Description","Rendered HTML Meta Description","HTML Canonical","Rendered HTML Canonical","Unique Inlinks","Unique JS Inlinks","Unique Outlinks","Unique JS Outlinks","Unique External Outlinks","Unique External JS Outlinks","HTML Meta Robots 1","Rendered HTML Meta Robots 1","Pretty URL","Ugly URL","JS Error","JS Warning","JS Info","JS Debug","JS Issue"
"https://www.onlinepokerbonuses.com/","200","OK","1270","0","","","Best Online Poker Bonuses 2026 — US & Canada","","The Best Online Poker Bonuses of 2026","","Compare the best online poker bonuses for 2026. Exclusive welcome offers up to $2,000, bonus codes and rakeback deals for US and Canadian players, ranked by real value.","","https://onlinepokerbonuses.com/","","48","0","22","0","0","0","index, follow","","https://www.onlinepokerbonuses.com/","https://www.onlinepokerbonuses.com/","","","","",""
"https://www.onlinepokerbonuses.com/reviews/betonline-poker/","200","OK","638","0","","","BetOnline Poker Review 2026 — 100% up to $1,000 Bonus (Code POKER1000) | OnlinePokerBonuses.com","","BetOnline Poker Review","","BetOnline Poker review for 2026: 100% up to $1,000 welcome bonus, clearing terms, banking, pros and cons. Our verdict for US & Canada players.","","https://onlinepokerbonuses.com/reviews/betonline-poker/","","48","0","15","0","0","0","index, follow","","https://www.onlinepokerbonuses.com/reviews/betonline-poker/","https://www.onlinepokerbonuses.com/reviews/betonline-poker/","","","","",""
"https://www.onlinepokerbonuses.com/responsible-gambling/","200","OK","259","0","","","Responsible Gambling — Play Safe & Get Support | OnlinePokerBonuses.com","","Responsible Gambling","","Responsible gambling resources for US and Canada players: how to set limits, recognise problem gambling, and where to get free, confidential help.","","https://onlinepokerbonuses.com/responsible-gambling/","","48","0","14","0","0","0","index, follow","","https://www.onlinepokerbonuses.com/responsible-gambling/","https://www.onlinepokerbonuses.com/responsible-gambling/","","","","",""
"https://www.onlinepokerbonuses.com/news/","200","OK","1835","0","","","Poker News & Bonus Updates 2026 — US & Canada | OnlinePokerBonuses.com","","Poker News & Bonus Updates","","The latest online poker news, bonus updates, tournament coverage and strategy for US and Canada players. Fresh analysis on Americas Cardroom, BetOnline, WPN, Chico and more.","","https://onlinepokerbonuses.com/news/","","48","0","48","0","0","0","index, follow","","https://www.onlinepokerbonuses.com/news/","https://www.onlinepokerbonuses.com/news/","","","","",""
"https://www.onlinepokerbonuses.com/bonus-types/","200","OK","620","0","","","Types of Poker Bonuses Explained — Welcome, No Deposit & Rakeback | OnlinePokerBonuses.com","","Types of Poker Bonuses Explained","","A plain-English guide to every type of online poker bonus: welcome/first-deposit matches, no-deposit bonuses, rakeback, reload bonuses, freerolls and VIP rewards.","","https://onlinepokerbonuses.com/bonus-types/","","48","0","14","0","0","0","index, follow","","https://www.onlinepokerbonuses.com/bonus-types/","https://www.onlinepokerbonuses.com/bonus-types/","","","","",""
"https://www.onlinepokerbonuses.com/reviews/black-chip-poker/","200","OK","633","0","","","Black Chip Poker Review 2026 — 100% up to $2,000 Bonus (Code CP1000BCP) | OnlinePokerBonuses.com","","Black Chip Poker Review","","Black Chip Poker review for 2026: 100% up to $2,000 welcome bonus, clearing terms, banking, pros and cons. Our verdict for US & Canada players.","","https://onlinepokerbonuses.com/reviews/black-chip-poker/","","48","0","15","0","0","0","index, follow","","https://www.onlinepokerbonuses.com/reviews/black-chip-poker/","https://www.onlinepokerbonuses.com/reviews/black-chip-poker/","","","","",""
"https://www.onlinepokerbonuses.com/canada/","200","OK","719","0","","","Best Canada Online Poker Bonuses 2026 — For Canadian Players | OnlinePokerBonuses.com","","Best Canada Online Poker Bonuses","","The best online poker bonuses for Canadian players in 2026. CAD-friendly rooms, welcome offers up to $2,000, fast crypto payouts and how online poker works across Canada.","","https://onlinepokerbonuses.com/canada/","","48","0","19","0","0","0","index, follow","","https://www.onlinepokerbonuses.com/canada/","https://www.onlinepokerbonuses.com/canada/","","","","",""
"https://www.onlinepokerbonuses.com/news/crypto-network-fees-poker-deposits-2026/","200","OK","1451","0","","","Crypto Network Fees: The Hidden Cost of Funding Your Poker Account | OnlinePokerBonuses.com","","Crypto Network Fees: The Hidden Cost of Funding Your Poker Account","","The coin you choose to deposit with can quietly cost you more than the poker room ever charges. Here's how US and Canada players can cut network fees when funding an offshore account in 2026.","","https://onlinepokerbonuses.com/news/crypto-network-fees-poker-deposits-2026/","","7","0","17","0","0","0","index, follow","","https://www.onlinepokerbonuses.com/news/crypto-network-fees-poker-deposits-2026/","https://www.onlinepokerbonuses.com/news/crypto-network-fees-poker-deposits-2026/","","","","",""
"https://www.onlinepokerbonuses.com/reviews/americas-cardroom/","200","OK","702","0","","","Americas Cardroom Review 2026 — 100% up to $2,000 Bonus (Code WELCOME100) | OnlinePokerBonuses.com","","Americas Cardroom Review","","Americas Cardroom review for 2026: 100% up to $2,000 welcome bonus, clearing terms, banking, pros and cons. Our verdict for US & Canada players.","","https://onlinepokerbonuses.com/reviews/americas-cardroom/","","48","0","15","0","0","0","index, follow","","https://www.onlinepokerbonuses.com/reviews/americas-cardroom/","https://www.onlinepokerbonuses.com/reviews/americas-cardroom/","","","","",""
"https://www.onlinepokerbonuses.com/reviews/sportsbetting-ag/","200","OK","570","0","","","SportsBetting.ag Review 2026 — 100% up to $1,000 Bonus (Code NEWSB) | OnlinePokerBonuses.com","","SportsBetting.ag Review","","SportsBetting.ag review for 2026: 100% up to $1,000 welcome bonus, clearing terms, banking, pros and cons. Our verdict for US & Canada players.","","https://onlinepokerbonuses.com/reviews/sportsbetting-ag/","","48","0","15","0","0","0","index, follow","","https://www.onlinepokerbonuses.com/reviews/sportsbetting-ag/","https://www.onlinepokerbonuses.com/reviews/sportsbetting-ag/","","","","",""
"https://www.onlinepokerbonuses.com/reviews/tigergaming/","200","OK","540","0","","","TigerGaming Review 2026 — 100% up to $1,000 Bonus (Code NEWTG) | OnlinePokerBonuses.com","","TigerGaming Review","","TigerGaming review for 2026: 100% up to $1,000 welcome bonus, clearing terms, banking, pros and cons. Our verdict for US & Canada players.","","https://onlinepokerbonuses.com/reviews/tigergaming/","","48","0","15","0","0","0","index, follow","","https://www.onlinepokerbonuses.com/reviews/tigergaming/","https://www.onlinepokerbonuses.com/reviews/tigergaming/","","","","",""
"https://www.onlinepokerbonuses.com/about/","200","OK","294","0","","","About OnlinePokerBonuses.com — Independent Poker Bonus Reviews | OnlinePokerBonuses.com","","About OnlinePokerBonuses.com","","How OnlinePokerBonuses.com reviews and ranks online poker bonuses for US and Canada players, our editorial standards, and how we make money.","","https://onlinepokerbonuses.com/about/","","48","0","14","0","0","0","index, follow","","https://www.onlinepokerbonuses.com/about/","https://www.onlinepokerbonuses.com/about/","","","","",""
"https://www.onlinepokerbonuses.com/best-poker-bonuses/","200","OK","1338","0","","","Best Online Poker Bonuses 2026 — Ranked & Compared | OnlinePokerBonuses.com","","Best Online Poker Bonuses of 2026","","The 5 best online poker bonuses for 2026, ranked by real value. Compare welcome matches up to $2,000, bonus codes, clearing terms and rakeback for US & Canada players.","","https://onlinepokerbonuses.com/best-poker-bonuses/","","48","0","19","0","0","0","index, follow","","https://www.onlinepokerbonuses.com/best-poker-bonuses/","https://www.onlinepokerbonuses.com/best-poker-bonuses/","","","","",""
"https://www.onlinepokerbonuses.com/usa/","200","OK","770","0","","","Best US Online Poker Bonuses 2026 — For American Players | OnlinePokerBonuses.com","","Best US Online Poker Bonuses","","The best online poker bonuses for US players in 2026. Offshore rooms that accept Americans, welcome offers up to $2,000, crypto banking and state-by-state legality explained.","","https://onlinepokerbonuses.com/usa/","","48","0","19","0","0","0","index, follow","","https://www.onlinepokerbonuses.com/usa/","https://www.onlinepokerbonuses.com/usa/","","","","",""
"https://www.onlinepokerbonuses.com/how-to-claim/","200","OK","590","0","","","How to Claim an Online Poker Bonus — Step-by-Step Guide 2026 | OnlinePokerBonuses.com","","How to Claim an Online Poker Bonus","","A simple step-by-step guide to claiming an online poker welcome bonus: choosing a room, entering your bonus code, depositing, and clearing the bonus with rake.","","https://onlinepokerbonuses.com/how-to-claim/","","48","0","14","0","0","0","index, follow","","https://www.onlinepokerbonuses.com/how-to-claim/","https://www.onlinepokerbonuses.com/how-to-claim/","","","","",""
"https://www.onlinepokerbonuses.com/news/icm-explained-tournament-poker-2026/","200","OK","1512","0","","","ICM Explained: Why Your Chips Are Worth Less Than You Think | OnlinePokerBonuses.com","","ICM Explained: Why Your Chips Are Worth Less Than You Think","","The Independent Chip Model quietly decides who profits and who busts near the money. Here's a plain-English guide for US and Canada players grinding offshore tournaments in 2026.","","https://onlinepokerbonuses.com/news/icm-explained-tournament-poker-2026/","","10","0","17","0","0","0","index, follow","","https://www.onlinepokerbonuses.com/news/icm-explained-tournament-poker-2026/","https://www.onlinepokerbonuses.com/news/icm-explained-tournament-poker-2026/","","","","",""
"https://www.onlinepokerbonuses.com/news/ontario-regulated-vs-offshore-poker-2026/","200","OK","1443","0","","","Ontario's Regulated Poker vs Offshore Rooms: A 2026 Guide for Canadians | OnlinePokerBonuses.com","","Ontario's Regulated Poker vs Offshore Rooms: A 2026 Guide for Canadians","","Ontario built a licensed online poker market, but most of Canada still plays offshore. Here's how the two options really compare for Canadian players weighing bonuses, liquidity, and safety in 2026.","","https://onlinepokerbonuses.com/news/ontario-regulated-vs-offshore-poker-2026/","","9","0","17","0","0","0","index, follow","","https://www.onlinepokerbonuses.com/news/ontario-regulated-vs-offshore-poker-2026/","https://www.onlinepokerbonuses.com/news/ontario-regulated-vs-offshore-poker-2026/","","","","",""
"https://www.onlinepokerbonuses.com/news/freeroll-strategy-build-bankroll-from-zero-2026/","200","OK","1471","0","","","Freeroll Strategy: How to Build a Poker Bankroll From Zero | OnlinePokerBonuses.com","","Freeroll Strategy: How to Build a Poker Bankroll From Zero","","Freerolls let you build a real bankroll without risking a cent. Here's a practical strategy for turning free tournaments into a funded account and a claimed bonus.","","https://onlinepokerbonuses.com/news/freeroll-strategy-build-bankroll-from-zero-2026/","","1","0","17","0","0","0","index, follow","","https://www.onlinepokerbonuses.com/news/freeroll-strategy-build-bankroll-from-zero-2026/","https://www.onlinepokerbonuses.com/news/freeroll-strategy-build-bankroll-from-zero-2026/","","","","",""
"https://www.onlinepokerbonuses.com/news/mystery-bounty-strategy-2026/","200","OK","1556","0","","","Mystery Bounty Strategy: How to Play Poker's Hottest Format in 2026 | OnlinePokerBonuses.com","","Mystery Bounty Strategy: How to Play Poker's Hottest Format in 2026","","Mystery Bounty events are dominating the offshore tournament calendar. Here's how the format changes your strategy — and how to fund your run with a welcome bonus.","","https://onlinepokerbonuses.com/news/mystery-bounty-strategy-2026/","","1","0","17","0","0","0","index, follow","","https://www.onlinepokerbonuses.com/news/mystery-bounty-strategy-2026/","https://www.onlinepokerbonuses.com/news/mystery-bounty-strategy-2026/","","","","",""
"https://www.onlinepokerbonuses.com/news/clear-2000-poker-bonus-guide/","200","OK","1263","0","","","How to Actually Clear a $2,000 Poker Bonus (Without Going Broke) | OnlinePokerBonuses.com","","How to Actually Clear a $2,000 Poker Bonus (Without Going Broke)","","A $2,000 welcome match sounds huge, but it only pays if you clear it. This is the realistic, math-backed guide to unlocking a big poker bonus without overextending your bankroll.","","https://onlinepokerbonuses.com/news/clear-2000-poker-bonus-guide/","","1","0","17","0","0","0","index, follow","","https://www.onlinepokerbonuses.com/news/clear-2000-poker-bonus-guide/","https://www.onlinepokerbonuses.com/news/clear-2000-poker-bonus-guide/","","","","",""
"https://www.onlinepokerbonuses.com/news/poker-bonus-codes-2026-guide/","200","OK","1241","0","","","Poker Bonus Codes 2026: The Complete Guide to Every Welcome Offer for US and Canada | OnlinePokerBonuses.com","","Poker Bonus Codes 2026: The Complete Guide to Every Welcome Offer for US and Canada","","Bonus codes unlock the biggest welcome offers at every offshore room — but only if you use them correctly. Here's the complete 2026 guide to poker bonus codes and how to make them count.","","https://onlinepokerbonuses.com/news/poker-bonus-codes-2026-guide/","","1","0","17","0","0","0","index, follow","","https://www.onlinepokerbonuses.com/news/poker-bonus-codes-2026-guide/","https://www.onlinepokerbonuses.com/news/poker-bonus-codes-2026-guide/","","","","",""
"https://www.onlinepokerbonuses.com/news/rakeback-wars-wpn-chico-2026/","200","OK","1199","0","","","Rakeback Wars: How WPN's 65% Elite Benefits Stacks Up Against Chico's Weekly Cash | OnlinePokerBonuses.com","","Rakeback Wars: How WPN's 65% Elite Benefits Stacks Up Against Chico's Weekly Cash","","For regular players, rakeback is worth more than any welcome bonus over time. We break down the two dominant rakeback models on US- and Canada-facing sites and who each one favors.","","https://onlinepokerbonuses.com/news/rakeback-wars-wpn-chico-2026/","","1","0","17","0","0","0","index, follow","","https://www.onlinepokerbonuses.com/news/rakeback-wars-wpn-chico-2026/","https://www.onlinepokerbonuses.com/news/rakeback-wars-wpn-chico-2026/","","","","",""
"https://www.onlinepokerbonuses.com/news/venom-2026-bonus-hunters/","200","OK","1251","0","","","The Venom Returns: What ACR's Flagship Tournament Means for Bonus Hunters in 2026 | OnlinePokerBonuses.com","","The Venom Returns: What ACR's Flagship Tournament Means for Bonus Hunters in 2026","","Americas Cardroom's multi-million-dollar Venom is back, and pairing it with the site's $2,000 welcome bonus and rakeback is one of the smartest plays available to US and Canada players this year.","","https://onlinepokerbonuses.com/news/venom-2026-bonus-hunters/","","3","0","17","0","0","0","index, follow","","https://www.onlinepokerbonuses.com/news/venom-2026-bonus-hunters/","https://www.onlinepokerbonuses.com/news/venom-2026-bonus-hunters/","","","","",""
"https://www.onlinepokerbonuses.com/news/canada-online-poker-2026/","200","OK","1133","0","","","Ontario and Beyond: The State of Online Poker in Canada, 2026 | OnlinePokerBonuses.com","","Ontario and Beyond: The State of Online Poker in Canada, 2026","","Canada has one of the most accessible online poker environments in the world. Here's how the regulated Ontario market, provincial platforms and offshore rooms fit together for Canadian players in 2026.","","https://onlinepokerbonuses.com/news/canada-online-poker-2026/","","1","0","17","0","0","0","index, follow","","https://www.onlinepokerbonuses.com/news/canada-online-poker-2026/","https://www.onlinepokerbonuses.com/news/canada-online-poker-2026/","","","","",""
"https://www.onlinepokerbonuses.com/news/betonline-weekly-rakeback-deep-dive/","200","OK","1218","0","","","BetOnline's Friday Payday: A Deep Dive Into the Best Weekly Rakeback Online | OnlinePokerBonuses.com","","BetOnline's Friday Payday: A Deep Dive Into the Best Weekly Rakeback Online","","BetOnline's relaunched loyalty program pays guaranteed rakeback as real cash every Friday. We examine how it works, who benefits most, and how it stacks up against tiered rakeback models.","","https://onlinepokerbonuses.com/news/betonline-weekly-rakeback-deep-dive/","","1","0","17","0","0","0","index, follow","","https://www.onlinepokerbonuses.com/news/betonline-weekly-rakeback-deep-dive/","https://www.onlinepokerbonuses.com/news/betonline-weekly-rakeback-deep-dive/","","","","",""
"https://www.onlinepokerbonuses.com/news/best-crypto-for-poker-deposits-2026/","200","OK","1477","0","","","Bitcoin, Litecoin or Stablecoins? Best Crypto for Poker in 2026 | OnlinePokerBonuses.com","","Bitcoin, Litecoin or Stablecoins? Best Crypto for Poker in 2026","","Not all crypto is equal when funding a poker account. Here's how Bitcoin, Litecoin and stablecoins compare on fees, speed and bonus eligibility for US and Canada players.","","https://onlinepokerbonuses.com/news/best-crypto-for-poker-deposits-2026/","","1","0","17","0","0","0","index, follow","","https://www.onlinepokerbonuses.com/news/best-crypto-for-poker-deposits-2026/","https://www.onlinepokerbonuses.com/news/best-crypto-for-poker-deposits-2026/","","","","",""
"https://www.onlinepokerbonuses.com/news/late-registration-strategy-tournaments-2026/","200","OK","1455","0","","","Late Registration Strategy: When to Late-Reg and When to Fire on Time | OnlinePokerBonuses.com","","Late Registration Strategy: When to Late-Reg and When to Fire on Time","","Late registration is one of the most misunderstood tools in online tournament poker. Here's how US and Canada players can use it to protect their bankroll and squeeze more value from every buy-in.","","https://onlinepokerbonuses.com/news/late-registration-strategy-tournaments-2026/","","9","0","17","0","0","0","index, follow","","https://www.onlinepokerbonuses.com/news/late-registration-strategy-tournaments-2026/","https://www.onlinepokerbonuses.com/news/late-registration-strategy-tournaments-2026/","","","","",""
"https://www.onlinepokerbonuses.com/news/table-selection-softest-games-2026/","200","OK","1474","0","","","How to Find the Softest Poker Games Online in 2026 | OnlinePokerBonuses.com","","How to Find the Softest Poker Games Online in 2026","","Table selection is the most underrated skill in online poker. Here's how US and Canada players spot the softest games on WPN and Chico — and stack the edge with a bonus.","","https://onlinepokerbonuses.com/news/table-selection-softest-games-2026/","","9","0","17","0","0","0","index, follow","","https://www.onlinepokerbonuses.com/news/table-selection-softest-games-2026/","https://www.onlinepokerbonuses.com/news/table-selection-softest-games-2026/","","","","",""
"https://www.onlinepokerbonuses.com/news/wpn-vs-chico-value-2026/","200","OK","1220","0","","","WPN vs Chico: Which Poker Network Offers Better Value for US Players in 2026? | OnlinePokerBonuses.com","","WPN vs Chico: Which Poker Network Offers Better Value for US Players in 2026?","","The two networks that power every major US- and Canada-facing poker room take very different approaches to bonuses, tournaments and rakeback. Here's how the Winning Poker Network and Chico compare where it counts.","","https://onlinepokerbonuses.com/news/wpn-vs-chico-value-2026/","","4","0","17","0","0","0","index, follow","","https://www.onlinepokerbonuses.com/news/wpn-vs-chico-value-2026/","https://www.onlinepokerbonuses.com/news/wpn-vs-chico-value-2026/","","","","",""
"https://www.onlinepokerbonuses.com/news/poker-vs-casino-bonus-combined-sites-2026/","200","OK","1451","0","","","Poker Bonus vs Casino Bonus: Claim the Right One | OnlinePokerBonuses.com","","Poker Bonus vs Casino Bonus: Claim the Right One","","Most offshore rooms run poker and casino under one roof. Claim the wrong welcome bonus and you can lock your bankroll into the wrong requirements. Here's how to choose.","","https://onlinepokerbonuses.com/news/poker-vs-casino-bonus-combined-sites-2026/","","7","0","17","0","0","0","index, follow","","https://www.onlinepokerbonuses.com/news/poker-vs-casino-bonus-combined-sites-2026/","https://www.onlinepokerbonuses.com/news/poker-vs-casino-bonus-combined-sites-2026/","","","","",""
"https://www.onlinepokerbonuses.com/news/reload-bonuses-explained-2026/","200","OK","1301","0","","","Reload Bonuses Explained: Value After the Welcome Offer | OnlinePokerBonuses.com","","Reload Bonuses Explained: Value After the Welcome Offer","","Your welcome bonus is a one-time deal — reload bonuses are how you keep extracting value every month. Here's how they work and how to spot the good ones.","","https://onlinepokerbonuses.com/news/reload-bonuses-explained-2026/","","7","0","17","0","0","0","index, follow","","https://www.onlinepokerbonuses.com/news/reload-bonuses-explained-2026/","https://www.onlinepokerbonuses.com/news/reload-bonuses-explained-2026/","","","","",""
"https://www.onlinepokerbonuses.com/news/loyalty-tiers-wpn-chico-2026/","200","OK","1548","0","","","Poker Loyalty Tiers Explained: Getting the Most From WPN and Chico in 2026 | OnlinePokerBonuses.com","","Poker Loyalty Tiers Explained: Getting the Most From WPN and Chico in 2026","","Your welcome bonus is only the first layer of value. Here's how WPN and Chico loyalty tiers stack rakeback on top — and how to climb them without overplaying.","","https://onlinepokerbonuses.com/news/loyalty-tiers-wpn-chico-2026/","","4","0","17","0","0","0","index, follow","","https://www.onlinepokerbonuses.com/news/loyalty-tiers-wpn-chico-2026/","https://www.onlinepokerbonuses.com/news/loyalty-tiers-wpn-chico-2026/","","","","",""
"https://www.onlinepokerbonuses.com/news/tigergaming-vs-sportsbetting-chico-value-2026/","200","OK","1350","0","","","TigerGaming vs SportsBetting.ag: Comparing Chico Room Value | OnlinePokerBonuses.com","","TigerGaming vs SportsBetting.ag: Comparing Chico Room Value","","They share the same Chico Network player pool, so what actually separates TigerGaming and SportsBetting.ag for bonus value? We break down the real differences for US and Canada players.","","https://onlinepokerbonuses.com/news/tigergaming-vs-sportsbetting-chico-value-2026/","","4","0","17","0","0","0","index, follow","","https://www.onlinepokerbonuses.com/news/tigergaming-vs-sportsbetting-chico-value-2026/","https://www.onlinepokerbonuses.com/news/tigergaming-vs-sportsbetting-chico-value-2026/","","","","",""
"https://www.onlinepokerbonuses.com/news/sit-and-go-bankroll-builder-2026/","200","OK","1458","0","","","Sit & Go Strategy for Bankroll Builders: Clear Bonuses One Table at a Time | OnlinePokerBonuses.com","","Sit & Go Strategy for Bankroll Builders: Clear Bonuses One Table at a Time","","Sit & Gos are the unsung workhorse of bankroll building. Here's how to use their low variance to grind up steadily while clearing an offshore welcome bonus.","","https://onlinepokerbonuses.com/news/sit-and-go-bankroll-builder-2026/","","4","0","17","0","0","0","index, follow","","https://www.onlinepokerbonuses.com/news/sit-and-go-bankroll-builder-2026/","https://www.onlinepokerbonuses.com/news/sit-and-go-bankroll-builder-2026/","","","","",""
"https://www.onlinepokerbonuses.com/news/crypto-deposit-boosts-explained-2026/","200","OK","1316","0","","","Why Offshore Poker Rooms Pay More for Crypto Deposits | OnlinePokerBonuses.com","","Why Offshore Poker Rooms Pay More for Crypto Deposits","","Bitcoin and stablecoin players often see bigger match percentages and higher bonus caps than card depositors. Here's why offshore poker sites reward crypto — and how to use it to your advantage.","","https://onlinepokerbonuses.com/news/crypto-deposit-boosts-explained-2026/","","6","0","17","0","0","0","index, follow","","https://www.onlinepokerbonuses.com/news/crypto-deposit-boosts-explained-2026/","https://www.onlinepokerbonuses.com/news/crypto-deposit-boosts-explained-2026/","","","","",""
"https://www.onlinepokerbonuses.com/news/crypto-cashouts-us-canada-2026/","200","OK","1282","0","","","Crypto Cashouts Explained: Why US and Canada Poker Players Are Going All-In on Bitcoin | OnlinePokerBonuses.com","","Crypto Cashouts Explained: Why US and Canada Poker Players Are Going All-In on Bitcoin","","Cryptocurrency has quietly become the default banking method at offshore poker rooms. Here's why Bitcoin, Ethereum and stablecoins now dominate deposits and withdrawals for US and Canadian players in 2026.","","https://onlinepokerbonuses.com/news/crypto-cashouts-us-canada-2026/","","1","0","17","0","0","0","index, follow","","https://www.onlinepokerbonuses.com/news/crypto-cashouts-us-canada-2026/","https://www.onlinepokerbonuses.com/news/crypto-cashouts-us-canada-2026/","","","","",""
"https://www.onlinepokerbonuses.com/news/bankroll-management-bonus-clearing-2026/","200","OK","1408","0","","","Bankroll Management for Bonus Clearing: A Grinder's Playbook | OnlinePokerBonuses.com","","Bankroll Management for Bonus Clearing: A Grinder's Playbook","","A welcome bonus only pays off if your bankroll survives long enough to clear it. Here's how to size your stakes, manage variance, and turn a match bonus into real money.","","https://onlinepokerbonuses.com/news/bankroll-management-bonus-clearing-2026/","","1","0","17","0","0","0","index, follow","","https://www.onlinepokerbonuses.com/news/bankroll-management-bonus-clearing-2026/","https://www.onlinepokerbonuses.com/news/bankroll-management-bonus-clearing-2026/","","","","",""
"https://www.onlinepokerbonuses.com/news/stablecoin-poker-deposits-2026/","200","OK","1460","0","","","Stablecoin Poker Deposits: Why USDT and USDC Won Over Grinders in 2026 | OnlinePokerBonuses.com","","Stablecoin Poker Deposits: Why USDT and USDC Won Over Grinders in 2026","","Stablecoins like USDT and USDC have quietly become the smart way to fund an offshore poker account. Here's why grinders prefer them for deposits and cashouts.","","https://onlinepokerbonuses.com/news/stablecoin-poker-deposits-2026/","","4","0","17","0","0","0","index, follow","","https://www.onlinepokerbonuses.com/news/stablecoin-poker-deposits-2026/","https://www.onlinepokerbonuses.com/news/stablecoin-poker-deposits-2026/","","","","",""
"https://www.onlinepokerbonuses.com/news/first-deposit-bonus-mistakes-2026/","200","OK","1358","0","","","7 First-Deposit Poker Bonus Mistakes That Cost Players Money | OnlinePokerBonuses.com","","7 First-Deposit Poker Bonus Mistakes That Cost Players Money","","The most expensive poker bonus errors happen before you play a single hand. Here are seven first-deposit mistakes to avoid — and how to claim your match the right way.","","https://onlinepokerbonuses.com/news/first-deposit-bonus-mistakes-2026/","","7","0","17","0","0","0","index, follow","","https://www.onlinepokerbonuses.com/news/first-deposit-bonus-mistakes-2026/","https://www.onlinepokerbonuses.com/news/first-deposit-bonus-mistakes-2026/","","","","",""
"https://www.onlinepokerbonuses.com/news/deposit-match-vs-rakeback-2026/","200","OK","1370","0","","","Deposit Match vs. Rakeback: Which Poker Bonus Pays More? | OnlinePokerBonuses.com","","Deposit Match vs. Rakeback: Which Poker Bonus Pays More?","","A big welcome match feels great, but steady rakeback may quietly out-earn it. Here's how the two poker bonus types compare — and when each one wins in 2026.","","https://onlinepokerbonuses.com/news/deposit-match-vs-rakeback-2026/","","4","0","17","0","0","0","index, follow","","https://www.onlinepokerbonuses.com/news/deposit-match-vs-rakeback-2026/","https://www.onlinepokerbonuses.com/news/deposit-match-vs-rakeback-2026/","","","","",""
"https://www.onlinepokerbonuses.com/news/are-poker-bonuses-taxable-us-canada-2026/","200","OK","1626","0","","","Are Poker Bonuses Taxable? A US and Canada Overview for 2026 | OnlinePokerBonuses.com","","Are Poker Bonuses Taxable? A US and Canada Overview for 2026","","Do you owe tax on a poker welcome bonus or rakeback? Here's a plain-language overview of how winnings and bonuses are generally treated in the US and Canada — and why the two countries differ.","","https://onlinepokerbonuses.com/news/are-poker-bonuses-taxable-us-canada-2026/","","5","0","17","0","0","0","index, follow","","https://www.onlinepokerbonuses.com/news/are-poker-bonuses-taxable-us-canada-2026/","https://www.onlinepokerbonuses.com/news/are-poker-bonuses-taxable-us-canada-2026/","","","","",""
"https://www.onlinepokerbonuses.com/news/us-online-poker-legislation-2026/","200","OK","1167","0","","","Online Poker Legislation Watch: Where US States Stand in 2026 | OnlinePokerBonuses.com","","Online Poker Legislation Watch: Where US States Stand in 2026","","Regulated online poker is legal in a handful of US states and expanding slowly. Here's the current state-by-state picture — and why offshore rooms still serve the majority of American players.","","https://onlinepokerbonuses.com/news/us-online-poker-legislation-2026/","","4","0","17","0","0","0","index, follow","","https://www.onlinepokerbonuses.com/news/us-online-poker-legislation-2026/","https://www.onlinepokerbonuses.com/news/us-online-poker-legislation-2026/","","","","",""
"https://www.onlinepokerbonuses.com/news/no-deposit-poker-bonuses-2026/","200","OK","1112","0","","","No-Deposit Poker Bonuses in 2026: Are They Still Worth Claiming? | OnlinePokerBonuses.com","","No-Deposit Poker Bonuses in 2026: Are They Still Worth Claiming?","","Free bonus cash with no deposit sounds too good to be true — sometimes it is, sometimes it isn't. Here's how no-deposit poker bonuses really work in 2026 and how to get genuine value from them.","","https://onlinepokerbonuses.com/news/no-deposit-poker-bonuses-2026/","","4","0","17","0","0","0","index, follow","","https://www.onlinepokerbonuses.com/news/no-deposit-poker-bonuses-2026/","https://www.onlinepokerbonuses.com/news/no-deposit-poker-bonuses-2026/","","","","",""
"https://www.onlinepokerbonuses.com/news/sweepstakes-vs-offshore-poker-2026/","200","OK","1296","0","","","Sweepstakes Poker vs Offshore Real-Money Poker: A 2026 US Guide | OnlinePokerBonuses.com","","Sweepstakes Poker vs Offshore Real-Money Poker: A 2026 US Guide","","US players without a regulated in-state room face a choice between sweepstakes-style poker and offshore real-money sites. Here's how the two models actually differ on cash, bonuses, and gameplay.","","https://onlinepokerbonuses.com/news/sweepstakes-vs-offshore-poker-2026/","","5","0","17","0","0","0","index, follow","","https://www.onlinepokerbonuses.com/news/sweepstakes-vs-offshore-poker-2026/","https://www.onlinepokerbonuses.com/news/sweepstakes-vs-offshore-poker-2026/","","","","",""
"https://www.onlinepokerbonuses.com/news/multi-tabling-clear-bonus-faster-2026/","200","OK","1543","0","","","Multi-Tabling to Clear Your Poker Bonus Faster: A 2026 Volume Guide | OnlinePokerBonuses.com","","Multi-Tabling to Clear Your Poker Bonus Faster: A 2026 Volume Guide","","Your welcome bonus releases as you rake, so volume is everything. Here's how to add tables safely, protect your win rate, and clear a poker bonus before it expires.","","https://onlinepokerbonuses.com/news/multi-tabling-clear-bonus-faster-2026/","","1","0","17","0","0","0","index, follow","","https://www.onlinepokerbonuses.com/news/multi-tabling-clear-bonus-faster-2026/","https://www.onlinepokerbonuses.com/news/multi-tabling-clear-bonus-faster-2026/","","","","",""
"https://www.onlinepokerbonuses.com/news/mobile-poker-apps-us-canada-2026/","200","OK","1447","0","","","Mobile Poker in 2026: Playing and Clearing Bonuses on the Go | OnlinePokerBonuses.com","","Mobile Poker in 2026: Playing and Clearing Bonuses on the Go","","Mobile has become the default way to play offshore poker. Here's how the apps stack up in 2026 and how to clear a welcome bonus entirely from your phone.","","https://onlinepokerbonuses.com/news/mobile-poker-apps-us-canada-2026/","","3","0","17","0","0","0","index, follow","","https://www.onlinepokerbonuses.com/news/mobile-poker-apps-us-canada-2026/","https://www.onlinepokerbonuses.com/news/mobile-poker-apps-us-canada-2026/","","","","",""
"https://www.onlinepokerbonuses.com/news/oss-chico-series-bonus-clearing-2026/","200","OK","1597","0","","","The OSS Advantage: Clearing Your Chico Bonus During the Online Super Series | OnlinePokerBonuses.com","","The OSS Advantage: Clearing Your Chico Bonus During the Online Super Series","","The Online Super Series turns the Chico Network into a rake-generating machine. Here's how US and Canada players can pair the OSS schedule with a welcome bonus and rakeback for maximum value.","","https://onlinepokerbonuses.com/news/oss-chico-series-bonus-clearing-2026/","","3","0","17","0","0","0","index, follow","","https://www.onlinepokerbonuses.com/news/oss-chico-series-bonus-clearing-2026/","https://www.onlinepokerbonuses.com/news/oss-chico-series-bonus-clearing-2026/","","","","",""
"https://www.onlinepokerbonuses.com/news/poker-withdrawal-times-us-canada-2026/","200","OK","1472","0","","","How Fast Are Online Poker Withdrawals in 2026? | OnlinePokerBonuses.com","","How Fast Are Online Poker Withdrawals in 2026?","","Crypto, checks, or bank wire — payout speed varies wildly at offshore rooms. Here's what US and Canada players should really expect when cashing out in 2026.","","https://onlinepokerbonuses.com/news/poker-withdrawal-times-us-canada-2026/","","6","0","17","0","0","0","index, follow","","https://www.onlinepokerbonuses.com/news/poker-withdrawal-times-us-canada-2026/","https://www.onlinepokerbonuses.com/news/poker-withdrawal-times-us-canada-2026/","","","","",""
