"Address","Occurrences","Meta Description 1","Meta Description 1 Length","Meta Description 1 Pixel Width","Indexability","Indexability Status"
"https://www.onlinepokerbonuses.com/","1","Compare the best online poker bonuses for 2026. Exclusive welcome offers up to $2,000, bonus codes and rakeback deals for US and Canadian players, ranked by real value.","168","1063","Non-Indexable","Canonicalised"
"https://www.onlinepokerbonuses.com/reviews/betonline-poker/","1","BetOnline Poker review for 2026: 100% up to $1,000 welcome bonus, clearing terms, banking, pros and cons. Our verdict for US & Canada players.","142","895","Non-Indexable","Canonicalised"
"https://www.onlinepokerbonuses.com/responsible-gambling/","1","Responsible gambling resources for US and Canada players: how to set limits, recognise problem gambling, and where to get free, confidential help.","146","905","Non-Indexable","Canonicalised"
"https://www.onlinepokerbonuses.com/news/","1","The latest online poker news, bonus updates, tournament coverage and strategy for US and Canada players. Fresh analysis on Americas Cardroom, BetOnline, WPN, Chico and more.","173","1116","Non-Indexable","Canonicalised"
"https://www.onlinepokerbonuses.com/bonus-types/","1","A plain-English guide to every type of online poker bonus: welcome/first-deposit matches, no-deposit bonuses, rakeback, reload bonuses, freerolls and VIP rewards.","162","1003","Non-Indexable","Canonicalised"
"https://www.onlinepokerbonuses.com/reviews/black-chip-poker/","1","Black Chip Poker review for 2026: 100% up to $2,000 welcome bonus, clearing terms, banking, pros and cons. Our verdict for US & Canada players.","143","900","Non-Indexable","Canonicalised"
"https://www.onlinepokerbonuses.com/canada/","1","The best online poker bonuses for Canadian players in 2026. CAD-friendly rooms, welcome offers up to $2,000, fast crypto payouts and how online poker works across Canada.","170","1082","Non-Indexable","Canonicalised"
"https://www.onlinepokerbonuses.com/news/crypto-network-fees-poker-deposits-2026/","1","The coin you choose to deposit with can quietly cost you more than the poker room ever charges. Here's how US and Canada players can cut network fees when funding an offshore account in 2026.","191","1217","Non-Indexable","Canonicalised"
"https://www.onlinepokerbonuses.com/reviews/americas-cardroom/","1","Americas Cardroom review for 2026: 100% up to $2,000 welcome bonus, clearing terms, banking, pros and cons. Our verdict for US & Canada players.","144","920","Non-Indexable","Canonicalised"
"https://www.onlinepokerbonuses.com/reviews/sportsbetting-ag/","1","SportsBetting.ag review for 2026: 100% up to $1,000 welcome bonus, clearing terms, banking, pros and cons. Our verdict for US & Canada players.","143","902","Non-Indexable","Canonicalised"
"https://www.onlinepokerbonuses.com/reviews/tigergaming/","1","TigerGaming review for 2026: 100% up to $1,000 welcome bonus, clearing terms, banking, pros and cons. Our verdict for US & Canada players.","138","876","Non-Indexable","Canonicalised"
"https://www.onlinepokerbonuses.com/about/","1","How OnlinePokerBonuses.com reviews and ranks online poker bonuses for US and Canada players, our editorial standards, and how we make money.","140","923","Non-Indexable","Canonicalised"
"https://www.onlinepokerbonuses.com/best-poker-bonuses/","1","The 5 best online poker bonuses for 2026, ranked by real value. Compare welcome matches up to $2,000, bonus codes, clearing terms and rakeback for US & Canada players.","167","1066","Non-Indexable","Canonicalised"
"https://www.onlinepokerbonuses.com/usa/","1","The best online poker bonuses for US players in 2026. Offshore rooms that accept Americans, welcome offers up to $2,000, crypto banking and state-by-state legality explained.","174","1084","Non-Indexable","Canonicalised"
"https://www.onlinepokerbonuses.com/how-to-claim/","1","A simple step-by-step guide to claiming an online poker welcome bonus: choosing a room, entering your bonus code, depositing, and clearing the bonus with rake.","159","992","Non-Indexable","Canonicalised"
"https://www.onlinepokerbonuses.com/news/icm-explained-tournament-poker-2026/","1","The Independent Chip Model quietly decides who profits and who busts near the money. Here's a plain-English guide for US and Canada players grinding offshore tournaments in 2026.","178","1128","Non-Indexable","Canonicalised"
"https://www.onlinepokerbonuses.com/news/ontario-regulated-vs-offshore-poker-2026/","1","Ontario built a licensed online poker market, but most of Canada still plays offshore. Here's how the two options really compare for Canadian players weighing bonuses, liquidity, and safety in 2026.","198","1207","Non-Indexable","Canonicalised"
"https://www.onlinepokerbonuses.com/news/freeroll-strategy-build-bankroll-from-zero-2026/","1","Freerolls let you build a real bankroll without risking a cent. Here's a practical strategy for turning free tournaments into a funded account and a claimed bonus.","163","978","Non-Indexable","Canonicalised"
"https://www.onlinepokerbonuses.com/news/mystery-bounty-strategy-2026/","1","Mystery Bounty events are dominating the offshore tournament calendar. Here's how the format changes your strategy — and how to fund your run with a welcome bonus.","163","1057","Non-Indexable","Canonicalised"
"https://www.onlinepokerbonuses.com/news/clear-2000-poker-bonus-guide/","1","A $2,000 welcome match sounds huge, but it only pays if you clear it. This is the realistic, math-backed guide to unlocking a big poker bonus without overextending your bankroll.","178","1087","Non-Indexable","Canonicalised"
"https://www.onlinepokerbonuses.com/news/poker-bonus-codes-2026-guide/","1","Bonus codes unlock the biggest welcome offers at every offshore room — but only if you use them correctly. Here's the complete 2026 guide to poker bonus codes and how to make them count.","186","1183","Non-Indexable","Canonicalised"
"https://www.onlinepokerbonuses.com/news/rakeback-wars-wpn-chico-2026/","1","For regular players, rakeback is worth more than any welcome bonus over time. We break down the two dominant rakeback models on US- and Canada-facing sites and who each one favors.","180","1168","Non-Indexable","Canonicalised"
"https://www.onlinepokerbonuses.com/news/venom-2026-bonus-hunters/","1","Americas Cardroom's multi-million-dollar Venom is back, and pairing it with the site's $2,000 welcome bonus and rakeback is one of the smartest plays available to US and Canada players this year.","195","1204","Non-Indexable","Canonicalised"
"https://www.onlinepokerbonuses.com/news/canada-online-poker-2026/","1","Canada has one of the most accessible online poker environments in the world. Here's how the regulated Ontario market, provincial platforms and offshore rooms fit together for Canadian players in 2026.","201","1253","Non-Indexable","Canonicalised"
"https://www.onlinepokerbonuses.com/news/betonline-weekly-rakeback-deep-dive/","1","BetOnline's relaunched loyalty program pays guaranteed rakeback as real cash every Friday. We examine how it works, who benefits most, and how it stacks up against tiered rakeback models.","187","1183","Non-Indexable","Canonicalised"
"https://www.onlinepokerbonuses.com/news/best-crypto-for-poker-deposits-2026/","1","Not all crypto is equal when funding a poker account. Here's how Bitcoin, Litecoin and stablecoins compare on fees, speed and bonus eligibility for US and Canada players.","170","1047","Non-Indexable","Canonicalised"
"https://www.onlinepokerbonuses.com/news/late-registration-strategy-tournaments-2026/","1","Late registration is one of the most misunderstood tools in online tournament poker. Here's how US and Canada players can use it to protect their bankroll and squeeze more value from every buy-in.","196","1214","Non-Indexable","Canonicalised"
"https://www.onlinepokerbonuses.com/news/table-selection-softest-games-2026/","1","Table selection is the most underrated skill in online poker. Here's how US and Canada players spot the softest games on WPN and Chico — and stack the edge with a bonus.","169","1060","Non-Indexable","Canonicalised"
"https://www.onlinepokerbonuses.com/news/wpn-vs-chico-value-2026/","1","The two networks that power every major US- and Canada-facing poker room take very different approaches to bonuses, tournaments and rakeback. Here's how the Winning Poker Network and Chico compare where it counts.","213","1386","Non-Indexable","Canonicalised"
"https://www.onlinepokerbonuses.com/news/poker-vs-casino-bonus-combined-sites-2026/","1","Most offshore rooms run poker and casino under one roof. Claim the wrong welcome bonus and you can lock your bankroll into the wrong requirements. Here's how to choose.","168","1078","Non-Indexable","Canonicalised"
"https://www.onlinepokerbonuses.com/news/reload-bonuses-explained-2026/","1","Your welcome bonus is a one-time deal — reload bonuses are how you keep extracting value every month. Here's how they work and how to spot the good ones.","153","982","Non-Indexable","Canonicalised"
"https://www.onlinepokerbonuses.com/news/loyalty-tiers-wpn-chico-2026/","1","Your welcome bonus is only the first layer of value. Here's how WPN and Chico loyalty tiers stack rakeback on top — and how to climb them without overplaying.","158","983","Non-Indexable","Canonicalised"
"https://www.onlinepokerbonuses.com/news/tigergaming-vs-sportsbetting-chico-value-2026/","1","They share the same Chico Network player pool, so what actually separates TigerGaming and SportsBetting.ag for bonus value? We break down the real differences for US and Canada players.","185","1182","Non-Indexable","Canonicalised"
"https://www.onlinepokerbonuses.com/news/sit-and-go-bankroll-builder-2026/","1","Sit & Gos are the unsung workhorse of bankroll building. Here's how to use their low variance to grind up steadily while clearing an offshore welcome bonus.","156","957","Non-Indexable","Canonicalised"
"https://www.onlinepokerbonuses.com/news/crypto-deposit-boosts-explained-2026/","1","Bitcoin and stablecoin players often see bigger match percentages and higher bonus caps than card depositors. Here's why offshore poker sites reward crypto — and how to use it to your advantage.","194","1220","Non-Indexable","Canonicalised"
"https://www.onlinepokerbonuses.com/news/crypto-cashouts-us-canada-2026/","1","Cryptocurrency has quietly become the default banking method at offshore poker rooms. Here's why Bitcoin, Ethereum and stablecoins now dominate deposits and withdrawals for US and Canadian players in 2026.","205","1319","Non-Indexable","Canonicalised"
"https://www.onlinepokerbonuses.com/news/bankroll-management-bonus-clearing-2026/","1","A welcome bonus only pays off if your bankroll survives long enough to clear it. Here's how to size your stakes, manage variance, and turn a match bonus into real money.","169","1044","Non-Indexable","Canonicalised"
"https://www.onlinepokerbonuses.com/news/stablecoin-poker-deposits-2026/","1","Stablecoins like USDT and USDC have quietly become the smart way to fund an offshore poker account. Here's why grinders prefer them for deposits and cashouts.","158","1005","Non-Indexable","Canonicalised"
"https://www.onlinepokerbonuses.com/news/first-deposit-bonus-mistakes-2026/","1","The most expensive poker bonus errors happen before you play a single hand. Here are seven first-deposit mistakes to avoid — and how to claim your match the right way.","167","1048","Non-Indexable","Canonicalised"
"https://www.onlinepokerbonuses.com/news/deposit-match-vs-rakeback-2026/","1","A big welcome match feels great, but steady rakeback may quietly out-earn it. Here's how the two poker bonus types compare — and when each one wins in 2026.","156","995","Non-Indexable","Canonicalised"
"https://www.onlinepokerbonuses.com/news/are-poker-bonuses-taxable-us-canada-2026/","1","Do you owe tax on a poker welcome bonus or rakeback? Here's a plain-language overview of how winnings and bonuses are generally treated in the US and Canada — and why the two countries differ.","192","1226","Non-Indexable","Canonicalised"
"https://www.onlinepokerbonuses.com/news/us-online-poker-legislation-2026/","1","Regulated online poker is legal in a handful of US states and expanding slowly. Here's the current state-by-state picture — and why offshore rooms still serve the majority of American players.","192","1165","Non-Indexable","Canonicalised"
"https://www.onlinepokerbonuses.com/news/no-deposit-poker-bonuses-2026/","1","Free bonus cash with no deposit sounds too good to be true — sometimes it is, sometimes it isn't. Here's how no-deposit poker bonuses really work in 2026 and how to get genuine value from them.","193","1205","Non-Indexable","Canonicalised"
"https://www.onlinepokerbonuses.com/news/sweepstakes-vs-offshore-poker-2026/","1","US players without a regulated in-state room face a choice between sweepstakes-style poker and offshore real-money sites. Here's how the two models actually differ on cash, bonuses, and gameplay.","195","1227","Non-Indexable","Canonicalised"
"https://www.onlinepokerbonuses.com/news/multi-tabling-clear-bonus-faster-2026/","1","Your welcome bonus releases as you rake, so volume is everything. Here's how to add tables safely, protect your win rate, and clear a poker bonus before it expires.","164","1000","Non-Indexable","Canonicalised"
"https://www.onlinepokerbonuses.com/news/mobile-poker-apps-us-canada-2026/","1","Mobile has become the default way to play offshore poker. Here's how the apps stack up in 2026 and how to clear a welcome bonus entirely from your phone.","153","969","Non-Indexable","Canonicalised"
"https://www.onlinepokerbonuses.com/news/oss-chico-series-bonus-clearing-2026/","1","The Online Super Series turns the Chico Network into a rake-generating machine. Here's how US and Canada players can pair the OSS schedule with a welcome bonus and rakeback for maximum value.","191","1231","Non-Indexable","Canonicalised"
"https://www.onlinepokerbonuses.com/news/poker-withdrawal-times-us-canada-2026/","1","Crypto, checks, or bank wire — payout speed varies wildly at offshore rooms. Here's what US and Canada players should really expect when cashing out in 2026.","157","985","Non-Indexable","Canonicalised"
