"Address","PSI Request Status","Mobile Alternate Link"
"https://www.onlinepokerbonuses.com/","",""
"https://www.onlinepokerbonuses.com/reviews/betonline-poker/","",""
"https://www.onlinepokerbonuses.com/responsible-gambling/","",""
"https://www.onlinepokerbonuses.com/news/","",""
"https://www.onlinepokerbonuses.com/bonus-types/","",""
"https://www.onlinepokerbonuses.com/reviews/black-chip-poker/","",""
"https://www.onlinepokerbonuses.com/canada/","",""
"https://www.onlinepokerbonuses.com/news/crypto-network-fees-poker-deposits-2026/","",""
"https://www.onlinepokerbonuses.com/reviews/americas-cardroom/","",""
"https://www.onlinepokerbonuses.com/reviews/sportsbetting-ag/","",""
"https://www.onlinepokerbonuses.com/reviews/tigergaming/","",""
"https://www.onlinepokerbonuses.com/about/","",""
"https://www.onlinepokerbonuses.com/best-poker-bonuses/","",""
"https://www.onlinepokerbonuses.com/usa/","",""
"https://www.onlinepokerbonuses.com/how-to-claim/","",""
"https://www.onlinepokerbonuses.com/news/icm-explained-tournament-poker-2026/","",""
"https://www.onlinepokerbonuses.com/news/ontario-regulated-vs-offshore-poker-2026/","",""
"https://www.onlinepokerbonuses.com/news/freeroll-strategy-build-bankroll-from-zero-2026/","",""
"https://www.onlinepokerbonuses.com/news/mystery-bounty-strategy-2026/","",""
"https://www.onlinepokerbonuses.com/news/clear-2000-poker-bonus-guide/","",""
"https://www.onlinepokerbonuses.com/news/poker-bonus-codes-2026-guide/","",""
"https://www.onlinepokerbonuses.com/news/rakeback-wars-wpn-chico-2026/","",""
"https://www.onlinepokerbonuses.com/news/venom-2026-bonus-hunters/","",""
"https://www.onlinepokerbonuses.com/news/canada-online-poker-2026/","",""
"https://www.onlinepokerbonuses.com/news/betonline-weekly-rakeback-deep-dive/","",""
"https://www.onlinepokerbonuses.com/news/best-crypto-for-poker-deposits-2026/","",""
"https://www.onlinepokerbonuses.com/news/late-registration-strategy-tournaments-2026/","",""
"https://www.onlinepokerbonuses.com/news/table-selection-softest-games-2026/","",""
"https://www.onlinepokerbonuses.com/news/wpn-vs-chico-value-2026/","",""
"https://www.onlinepokerbonuses.com/news/poker-vs-casino-bonus-combined-sites-2026/","",""
"https://www.onlinepokerbonuses.com/news/reload-bonuses-explained-2026/","",""
"https://www.onlinepokerbonuses.com/news/loyalty-tiers-wpn-chico-2026/","",""
"https://www.onlinepokerbonuses.com/news/tigergaming-vs-sportsbetting-chico-value-2026/","",""
"https://www.onlinepokerbonuses.com/news/sit-and-go-bankroll-builder-2026/","",""
"https://www.onlinepokerbonuses.com/news/crypto-deposit-boosts-explained-2026/","",""
"https://www.onlinepokerbonuses.com/news/crypto-cashouts-us-canada-2026/","",""
"https://www.onlinepokerbonuses.com/news/bankroll-management-bonus-clearing-2026/","",""
"https://www.onlinepokerbonuses.com/news/stablecoin-poker-deposits-2026/","",""
"https://www.onlinepokerbonuses.com/news/first-deposit-bonus-mistakes-2026/","",""
"https://www.onlinepokerbonuses.com/news/deposit-match-vs-rakeback-2026/","",""
"https://www.onlinepokerbonuses.com/news/are-poker-bonuses-taxable-us-canada-2026/","",""
"https://www.onlinepokerbonuses.com/news/us-online-poker-legislation-2026/","",""
"https://www.onlinepokerbonuses.com/news/no-deposit-poker-bonuses-2026/","",""
"https://www.onlinepokerbonuses.com/news/sweepstakes-vs-offshore-poker-2026/","",""
"https://www.onlinepokerbonuses.com/news/multi-tabling-clear-bonus-faster-2026/","",""
"https://www.onlinepokerbonuses.com/news/mobile-poker-apps-us-canada-2026/","",""
"https://www.onlinepokerbonuses.com/news/oss-chico-series-bonus-clearing-2026/","",""
"https://www.onlinepokerbonuses.com/news/poker-withdrawal-times-us-canada-2026/","",""
