"Address","Occurrences","Title 1","Title 1 Length","Title 1 Pixel Width","Indexability","Indexability Status"
"https://www.onlinepokerbonuses.com/","1","Best Online Poker Bonuses 2026 — US & Canada","44","430","Non-Indexable","Canonicalised"
"https://www.onlinepokerbonuses.com/reviews/betonline-poker/","1","BetOnline Poker Review 2026 — 100% up to $1,000 Bonus (Code POKER1000) | OnlinePokerBonuses.com","95","931","Non-Indexable","Canonicalised"
"https://www.onlinepokerbonuses.com/responsible-gambling/","1","Responsible Gambling — Play Safe & Get Support | OnlinePokerBonuses.com","71","682","Non-Indexable","Canonicalised"
"https://www.onlinepokerbonuses.com/news/","1","Poker News & Bonus Updates 2026 — US & Canada | OnlinePokerBonuses.com","70","697","Non-Indexable","Canonicalised"
"https://www.onlinepokerbonuses.com/bonus-types/","1","Types of Poker Bonuses Explained — Welcome, No Deposit & Rakeback | OnlinePokerBonuses.com","90","874","Non-Indexable","Canonicalised"
"https://www.onlinepokerbonuses.com/reviews/black-chip-poker/","1","Black Chip Poker Review 2026 — 100% up to $2,000 Bonus (Code CP1000BCP) | OnlinePokerBonuses.com","96","938","Non-Indexable","Canonicalised"
"https://www.onlinepokerbonuses.com/canada/","1","Best Canada Online Poker Bonuses 2026 — For Canadian Players | OnlinePokerBonuses.com","85","821","Non-Indexable","Canonicalised"
"https://www.onlinepokerbonuses.com/news/crypto-network-fees-poker-deposits-2026/","1","Crypto Network Fees: The Hidden Cost of Funding Your Poker Account | OnlinePokerBonuses.com","91","868","Non-Indexable","Canonicalised"
"https://www.onlinepokerbonuses.com/reviews/americas-cardroom/","1","Americas Cardroom Review 2026 — 100% up to $2,000 Bonus (Code WELCOME100) | OnlinePokerBonuses.com","98","987","Non-Indexable","Canonicalised"
"https://www.onlinepokerbonuses.com/reviews/sportsbetting-ag/","1","SportsBetting.ag Review 2026 — 100% up to $1,000 Bonus (Code NEWSB) | OnlinePokerBonuses.com","92","896","Non-Indexable","Canonicalised"
"https://www.onlinepokerbonuses.com/reviews/tigergaming/","1","TigerGaming Review 2026 — 100% up to $1,000 Bonus (Code NEWTG) | OnlinePokerBonuses.com","87","865","Non-Indexable","Canonicalised"
"https://www.onlinepokerbonuses.com/about/","1","About OnlinePokerBonuses.com — Independent Poker Bonus Reviews | OnlinePokerBonuses.com","87","864","Non-Indexable","Canonicalised"
"https://www.onlinepokerbonuses.com/best-poker-bonuses/","1","Best Online Poker Bonuses 2026 — Ranked & Compared | OnlinePokerBonuses.com","75","740","Non-Indexable","Canonicalised"
"https://www.onlinepokerbonuses.com/usa/","1","Best US Online Poker Bonuses 2026 — For American Players | OnlinePokerBonuses.com","81","780","Non-Indexable","Canonicalised"
"https://www.onlinepokerbonuses.com/how-to-claim/","1","How to Claim an Online Poker Bonus — Step-by-Step Guide 2026 | OnlinePokerBonuses.com","85","816","Non-Indexable","Canonicalised"
"https://www.onlinepokerbonuses.com/news/icm-explained-tournament-poker-2026/","1","ICM Explained: Why Your Chips Are Worth Less Than You Think | OnlinePokerBonuses.com","84","804","Non-Indexable","Canonicalised"
"https://www.onlinepokerbonuses.com/news/ontario-regulated-vs-offshore-poker-2026/","1","Ontario's Regulated Poker vs Offshore Rooms: A 2026 Guide for Canadians | OnlinePokerBonuses.com","96","908","Non-Indexable","Canonicalised"
"https://www.onlinepokerbonuses.com/news/freeroll-strategy-build-bankroll-from-zero-2026/","1","Freeroll Strategy: How to Build a Poker Bankroll From Zero | OnlinePokerBonuses.com","83","762","Non-Indexable","Canonicalised"
"https://www.onlinepokerbonuses.com/news/mystery-bounty-strategy-2026/","1","Mystery Bounty Strategy: How to Play Poker's Hottest Format in 2026 | OnlinePokerBonuses.com","92","858","Non-Indexable","Canonicalised"
"https://www.onlinepokerbonuses.com/news/clear-2000-poker-bonus-guide/","1","How to Actually Clear a $2,000 Poker Bonus (Without Going Broke) | OnlinePokerBonuses.com","89","834","Non-Indexable","Canonicalised"
"https://www.onlinepokerbonuses.com/news/poker-bonus-codes-2026-guide/","1","Poker Bonus Codes 2026: The Complete Guide to Every Welcome Offer for US and Canada | OnlinePokerBonuses.com","108","1046","Non-Indexable","Canonicalised"
"https://www.onlinepokerbonuses.com/news/rakeback-wars-wpn-chico-2026/","1","Rakeback Wars: How WPN's 65% Elite Benefits Stacks Up Against Chico's Weekly Cash | OnlinePokerBonuses.com","106","1013","Non-Indexable","Canonicalised"
"https://www.onlinepokerbonuses.com/news/venom-2026-bonus-hunters/","1","The Venom Returns: What ACR's Flagship Tournament Means for Bonus Hunters in 2026 | OnlinePokerBonuses.com","106","1030","Non-Indexable","Canonicalised"
"https://www.onlinepokerbonuses.com/news/canada-online-poker-2026/","1","Ontario and Beyond: The State of Online Poker in Canada, 2026 | OnlinePokerBonuses.com","86","804","Non-Indexable","Canonicalised"
"https://www.onlinepokerbonuses.com/news/betonline-weekly-rakeback-deep-dive/","1","BetOnline's Friday Payday: A Deep Dive Into the Best Weekly Rakeback Online | OnlinePokerBonuses.com","100","930","Non-Indexable","Canonicalised"
"https://www.onlinepokerbonuses.com/news/best-crypto-for-poker-deposits-2026/","1","Bitcoin, Litecoin or Stablecoins? Best Crypto for Poker in 2026 | OnlinePokerBonuses.com","88","791","Non-Indexable","Canonicalised"
"https://www.onlinepokerbonuses.com/news/late-registration-strategy-tournaments-2026/","1","Late Registration Strategy: When to Late-Reg and When to Fire on Time | OnlinePokerBonuses.com","94","880","Non-Indexable","Canonicalised"
"https://www.onlinepokerbonuses.com/news/table-selection-softest-games-2026/","1","How to Find the Softest Poker Games Online in 2026 | OnlinePokerBonuses.com","75","712","Non-Indexable","Canonicalised"
"https://www.onlinepokerbonuses.com/news/wpn-vs-chico-value-2026/","1","WPN vs Chico: Which Poker Network Offers Better Value for US Players in 2026? | OnlinePokerBonuses.com","102","958","Non-Indexable","Canonicalised"
"https://www.onlinepokerbonuses.com/news/poker-vs-casino-bonus-combined-sites-2026/","1","Poker Bonus vs Casino Bonus: Claim the Right One | OnlinePokerBonuses.com","73","695","Non-Indexable","Canonicalised"
"https://www.onlinepokerbonuses.com/news/reload-bonuses-explained-2026/","1","Reload Bonuses Explained: Value After the Welcome Offer | OnlinePokerBonuses.com","80","762","Non-Indexable","Canonicalised"
"https://www.onlinepokerbonuses.com/news/loyalty-tiers-wpn-chico-2026/","1","Poker Loyalty Tiers Explained: Getting the Most From WPN and Chico in 2026 | OnlinePokerBonuses.com","99","930","Non-Indexable","Canonicalised"
"https://www.onlinepokerbonuses.com/news/tigergaming-vs-sportsbetting-chico-value-2026/","1","TigerGaming vs SportsBetting.ag: Comparing Chico Room Value | OnlinePokerBonuses.com","84","815","Non-Indexable","Canonicalised"
"https://www.onlinepokerbonuses.com/news/sit-and-go-bankroll-builder-2026/","1","Sit & Go Strategy for Bankroll Builders: Clear Bonuses One Table at a Time | OnlinePokerBonuses.com","99","903","Non-Indexable","Canonicalised"
"https://www.onlinepokerbonuses.com/news/crypto-deposit-boosts-explained-2026/","1","Why Offshore Poker Rooms Pay More for Crypto Deposits | OnlinePokerBonuses.com","78","754","Non-Indexable","Canonicalised"
"https://www.onlinepokerbonuses.com/news/crypto-cashouts-us-canada-2026/","1","Crypto Cashouts Explained: Why US and Canada Poker Players Are Going All-In on Bitcoin | OnlinePokerBonuses.com","111","1035","Non-Indexable","Canonicalised"
"https://www.onlinepokerbonuses.com/news/bankroll-management-bonus-clearing-2026/","1","Bankroll Management for Bonus Clearing: A Grinder's Playbook | OnlinePokerBonuses.com","85","802","Non-Indexable","Canonicalised"
"https://www.onlinepokerbonuses.com/news/stablecoin-poker-deposits-2026/","1","Stablecoin Poker Deposits: Why USDT and USDC Won Over Grinders in 2026 | OnlinePokerBonuses.com","95","918","Non-Indexable","Canonicalised"
"https://www.onlinepokerbonuses.com/news/first-deposit-bonus-mistakes-2026/","1","7 First-Deposit Poker Bonus Mistakes That Cost Players Money | OnlinePokerBonuses.com","85","804","Non-Indexable","Canonicalised"
"https://www.onlinepokerbonuses.com/news/deposit-match-vs-rakeback-2026/","1","Deposit Match vs. Rakeback: Which Poker Bonus Pays More? | OnlinePokerBonuses.com","81","784","Non-Indexable","Canonicalised"
"https://www.onlinepokerbonuses.com/news/are-poker-bonuses-taxable-us-canada-2026/","1","Are Poker Bonuses Taxable? A US and Canada Overview for 2026 | OnlinePokerBonuses.com","85","824","Non-Indexable","Canonicalised"
"https://www.onlinepokerbonuses.com/news/us-online-poker-legislation-2026/","1","Online Poker Legislation Watch: Where US States Stand in 2026 | OnlinePokerBonuses.com","86","811","Non-Indexable","Canonicalised"
"https://www.onlinepokerbonuses.com/news/no-deposit-poker-bonuses-2026/","1","No-Deposit Poker Bonuses in 2026: Are They Still Worth Claiming? | OnlinePokerBonuses.com","89","831","Non-Indexable","Canonicalised"
"https://www.onlinepokerbonuses.com/news/sweepstakes-vs-offshore-poker-2026/","1","Sweepstakes Poker vs Offshore Real-Money Poker: A 2026 US Guide | OnlinePokerBonuses.com","88","853","Non-Indexable","Canonicalised"
"https://www.onlinepokerbonuses.com/news/multi-tabling-clear-bonus-faster-2026/","1","Multi-Tabling to Clear Your Poker Bonus Faster: A 2026 Volume Guide | OnlinePokerBonuses.com","92","864","Non-Indexable","Canonicalised"
"https://www.onlinepokerbonuses.com/news/mobile-poker-apps-us-canada-2026/","1","Mobile Poker in 2026: Playing and Clearing Bonuses on the Go | OnlinePokerBonuses.com","85","795","Non-Indexable","Canonicalised"
"https://www.onlinepokerbonuses.com/news/oss-chico-series-bonus-clearing-2026/","1","The OSS Advantage: Clearing Your Chico Bonus During the Online Super Series | OnlinePokerBonuses.com","100","944","Non-Indexable","Canonicalised"
"https://www.onlinepokerbonuses.com/news/poker-withdrawal-times-us-canada-2026/","1","How Fast Are Online Poker Withdrawals in 2026? | OnlinePokerBonuses.com","71","678","Non-Indexable","Canonicalised"
