"Address","Content Type","Status Code","Status","Indexability","Indexability Status","Inlinks","Response Time","Redirect URL","Redirect Type"
"https://onlinepokerbonuses.com/","text/html","308","Permanent Redirect","Non-Indexable","Redirected","0","0,076","https://www.onlinepokerbonuses.com/","HTTP Redirect"
"https://onlinepokerbonuses.com/usa/","text/html","308","Permanent Redirect","Non-Indexable","Redirected","0","0,074","https://www.onlinepokerbonuses.com/usa/","HTTP Redirect"
"https://onlinepokerbonuses.com/how-to-claim/","text/html","308","Permanent Redirect","Non-Indexable","Redirected","0","0,165","https://www.onlinepokerbonuses.com/how-to-claim/","HTTP Redirect"
"https://onlinepokerbonuses.com/news/icm-explained-tournament-poker-2026/","text/html","308","Permanent Redirect","Non-Indexable","Redirected","0","0,145","https://www.onlinepokerbonuses.com/news/icm-explained-tournament-poker-2026/","HTTP Redirect"
"https://onlinepokerbonuses.com/best-poker-bonuses/","text/html","308","Permanent Redirect","Non-Indexable","Redirected","0","0,082","https://www.onlinepokerbonuses.com/best-poker-bonuses/","HTTP Redirect"
"https://onlinepokerbonuses.com/news/ontario-regulated-vs-offshore-poker-2026/","text/html","308","Permanent Redirect","Non-Indexable","Redirected","0","0,077","https://www.onlinepokerbonuses.com/news/ontario-regulated-vs-offshore-poker-2026/","HTTP Redirect"
"https://onlinepokerbonuses.com/reviews/tigergaming/","text/html","308","Permanent Redirect","Non-Indexable","Redirected","0","0,071","https://www.onlinepokerbonuses.com/reviews/tigergaming/","HTTP Redirect"
"https://onlinepokerbonuses.com/about/","text/html","308","Permanent Redirect","Non-Indexable","Redirected","0","0,088","https://www.onlinepokerbonuses.com/about/","HTTP Redirect"
"https://onlinepokerbonuses.com/reviews/americas-cardroom/","text/html","308","Permanent Redirect","Non-Indexable","Redirected","0","0,076","https://www.onlinepokerbonuses.com/reviews/americas-cardroom/","HTTP Redirect"
"https://onlinepokerbonuses.com/reviews/sportsbetting-ag/","text/html","308","Permanent Redirect","Non-Indexable","Redirected","0","0,085","https://www.onlinepokerbonuses.com/reviews/sportsbetting-ag/","HTTP Redirect"
"https://onlinepokerbonuses.com/news/crypto-network-fees-poker-deposits-2026/","text/html","308","Permanent Redirect","Non-Indexable","Redirected","0","0,070","https://www.onlinepokerbonuses.com/news/crypto-network-fees-poker-deposits-2026/","HTTP Redirect"
"https://onlinepokerbonuses.com/canada/","text/html","308","Permanent Redirect","Non-Indexable","Redirected","0","0,072","https://www.onlinepokerbonuses.com/canada/","HTTP Redirect"
"https://onlinepokerbonuses.com/bonus-types/","text/html","308","Permanent Redirect","Non-Indexable","Redirected","0","0,076","https://www.onlinepokerbonuses.com/bonus-types/","HTTP Redirect"
"https://onlinepokerbonuses.com/reviews/black-chip-poker/","text/html","308","Permanent Redirect","Non-Indexable","Redirected","0","0,215","https://www.onlinepokerbonuses.com/reviews/black-chip-poker/","HTTP Redirect"
"https://onlinepokerbonuses.com/news/","text/html","308","Permanent Redirect","Non-Indexable","Redirected","0","0,074","https://www.onlinepokerbonuses.com/news/","HTTP Redirect"
"https://onlinepokerbonuses.com/responsible-gambling/","text/html","308","Permanent Redirect","Non-Indexable","Redirected","0","0,076","https://www.onlinepokerbonuses.com/responsible-gambling/","HTTP Redirect"
"https://onlinepokerbonuses.com/reviews/betonline-poker/","text/html","308","Permanent Redirect","Non-Indexable","Redirected","0","0,078","https://www.onlinepokerbonuses.com/reviews/betonline-poker/","HTTP Redirect"
"https://onlinepokerbonuses.com/news/mobile-poker-apps-us-canada-2026/","text/html","308","Permanent Redirect","Non-Indexable","Redirected","0","0,072","https://www.onlinepokerbonuses.com/news/mobile-poker-apps-us-canada-2026/","HTTP Redirect"
"https://onlinepokerbonuses.com/news/multi-tabling-clear-bonus-faster-2026/","text/html","308","Permanent Redirect","Non-Indexable","Redirected","0","0,071","https://www.onlinepokerbonuses.com/news/multi-tabling-clear-bonus-faster-2026/","HTTP Redirect"
"https://onlinepokerbonuses.com/news/sweepstakes-vs-offshore-poker-2026/","text/html","308","Permanent Redirect","Non-Indexable","Redirected","0","0,076","https://www.onlinepokerbonuses.com/news/sweepstakes-vs-offshore-poker-2026/","HTTP Redirect"
"https://onlinepokerbonuses.com/news/no-deposit-poker-bonuses-2026/","text/html","308","Permanent Redirect","Non-Indexable","Redirected","0","0,071","https://www.onlinepokerbonuses.com/news/no-deposit-poker-bonuses-2026/","HTTP Redirect"
"https://onlinepokerbonuses.com/news/are-poker-bonuses-taxable-us-canada-2026/","text/html","308","Permanent Redirect","Non-Indexable","Redirected","0","0,072","https://www.onlinepokerbonuses.com/news/are-poker-bonuses-taxable-us-canada-2026/","HTTP Redirect"
"https://onlinepokerbonuses.com/news/us-online-poker-legislation-2026/","text/html","308","Permanent Redirect","Non-Indexable","Redirected","0","0,080","https://www.onlinepokerbonuses.com/news/us-online-poker-legislation-2026/","HTTP Redirect"
"https://onlinepokerbonuses.com/news/oss-chico-series-bonus-clearing-2026/","text/html","308","Permanent Redirect","Non-Indexable","Redirected","0","0,079","https://www.onlinepokerbonuses.com/news/oss-chico-series-bonus-clearing-2026/","HTTP Redirect"
"https://onlinepokerbonuses.com/news/poker-withdrawal-times-us-canada-2026/","text/html","308","Permanent Redirect","Non-Indexable","Redirected","0","0,074","https://www.onlinepokerbonuses.com/news/poker-withdrawal-times-us-canada-2026/","HTTP Redirect"
"https://onlinepokerbonuses.com/news/deposit-match-vs-rakeback-2026/","text/html","308","Permanent Redirect","Non-Indexable","Redirected","0","0,171","https://www.onlinepokerbonuses.com/news/deposit-match-vs-rakeback-2026/","HTTP Redirect"
"https://onlinepokerbonuses.com/news/stablecoin-poker-deposits-2026/","text/html","308","Permanent Redirect","Non-Indexable","Redirected","0","0,154","https://www.onlinepokerbonuses.com/news/stablecoin-poker-deposits-2026/","HTTP Redirect"
"https://onlinepokerbonuses.com/news/first-deposit-bonus-mistakes-2026/","text/html","308","Permanent Redirect","Non-Indexable","Redirected","0","0,160","https://www.onlinepokerbonuses.com/news/first-deposit-bonus-mistakes-2026/","HTTP Redirect"
"https://onlinepokerbonuses.com/news/crypto-cashouts-us-canada-2026/","text/html","308","Permanent Redirect","Non-Indexable","Redirected","0","0,145","https://www.onlinepokerbonuses.com/news/crypto-cashouts-us-canada-2026/","HTTP Redirect"
"https://onlinepokerbonuses.com/news/bankroll-management-bonus-clearing-2026/","text/html","308","Permanent Redirect","Non-Indexable","Redirected","0","0,153","https://www.onlinepokerbonuses.com/news/bankroll-management-bonus-clearing-2026/","HTTP Redirect"
"https://onlinepokerbonuses.com/news/sit-and-go-bankroll-builder-2026/","text/html","308","Permanent Redirect","Non-Indexable","Redirected","0","0,074","https://www.onlinepokerbonuses.com/news/sit-and-go-bankroll-builder-2026/","HTTP Redirect"
"https://onlinepokerbonuses.com/news/tigergaming-vs-sportsbetting-chico-value-2026/","text/html","308","Permanent Redirect","Non-Indexable","Redirected","0","0,076","https://www.onlinepokerbonuses.com/news/tigergaming-vs-sportsbetting-chico-value-2026/","HTTP Redirect"
"https://onlinepokerbonuses.com/news/crypto-deposit-boosts-explained-2026/","text/html","308","Permanent Redirect","Non-Indexable","Redirected","0","0,080","https://www.onlinepokerbonuses.com/news/crypto-deposit-boosts-explained-2026/","HTTP Redirect"
"https://onlinepokerbonuses.com/news/loyalty-tiers-wpn-chico-2026/","text/html","308","Permanent Redirect","Non-Indexable","Redirected","0","0,076","https://www.onlinepokerbonuses.com/news/loyalty-tiers-wpn-chico-2026/","HTTP Redirect"
"https://onlinepokerbonuses.com/news/reload-bonuses-explained-2026/","text/html","308","Permanent Redirect","Non-Indexable","Redirected","0","0,075","https://www.onlinepokerbonuses.com/news/reload-bonuses-explained-2026/","HTTP Redirect"
"https://onlinepokerbonuses.com/news/poker-vs-casino-bonus-combined-sites-2026/","text/html","308","Permanent Redirect","Non-Indexable","Redirected","0","0,069","https://www.onlinepokerbonuses.com/news/poker-vs-casino-bonus-combined-sites-2026/","HTTP Redirect"
"https://onlinepokerbonuses.com/news/table-selection-softest-games-2026/","text/html","308","Permanent Redirect","Non-Indexable","Redirected","0","0,073","https://www.onlinepokerbonuses.com/news/table-selection-softest-games-2026/","HTTP Redirect"
"https://onlinepokerbonuses.com/news/late-registration-strategy-tournaments-2026/","text/html","308","Permanent Redirect","Non-Indexable","Redirected","0","0,069","https://www.onlinepokerbonuses.com/news/late-registration-strategy-tournaments-2026/","HTTP Redirect"
"https://onlinepokerbonuses.com/news/best-crypto-for-poker-deposits-2026/","text/html","308","Permanent Redirect","Non-Indexable","Redirected","0","0,071","https://www.onlinepokerbonuses.com/news/best-crypto-for-poker-deposits-2026/","HTTP Redirect"
"https://onlinepokerbonuses.com/news/wpn-vs-chico-value-2026/","text/html","308","Permanent Redirect","Non-Indexable","Redirected","0","0,098","https://www.onlinepokerbonuses.com/news/wpn-vs-chico-value-2026/","HTTP Redirect"
"https://onlinepokerbonuses.com/news/betonline-weekly-rakeback-deep-dive/","text/html","308","Permanent Redirect","Non-Indexable","Redirected","0","0,073","https://www.onlinepokerbonuses.com/news/betonline-weekly-rakeback-deep-dive/","HTTP Redirect"
"https://onlinepokerbonuses.com/news/venom-2026-bonus-hunters/","text/html","308","Permanent Redirect","Non-Indexable","Redirected","0","0,067","https://www.onlinepokerbonuses.com/news/venom-2026-bonus-hunters/","HTTP Redirect"
"https://onlinepokerbonuses.com/news/rakeback-wars-wpn-chico-2026/","text/html","308","Permanent Redirect","Non-Indexable","Redirected","0","0,073","https://www.onlinepokerbonuses.com/news/rakeback-wars-wpn-chico-2026/","HTTP Redirect"
"https://onlinepokerbonuses.com/news/canada-online-poker-2026/","text/html","308","Permanent Redirect","Non-Indexable","Redirected","0","0,082","https://www.onlinepokerbonuses.com/news/canada-online-poker-2026/","HTTP Redirect"
"https://onlinepokerbonuses.com/news/poker-bonus-codes-2026-guide/","text/html","308","Permanent Redirect","Non-Indexable","Redirected","0","0,076","https://www.onlinepokerbonuses.com/news/poker-bonus-codes-2026-guide/","HTTP Redirect"
"https://onlinepokerbonuses.com/news/clear-2000-poker-bonus-guide/","text/html","308","Permanent Redirect","Non-Indexable","Redirected","0","0,073","https://www.onlinepokerbonuses.com/news/clear-2000-poker-bonus-guide/","HTTP Redirect"
"https://onlinepokerbonuses.com/news/mystery-bounty-strategy-2026/","text/html","308","Permanent Redirect","Non-Indexable","Redirected","0","0,070","https://www.onlinepokerbonuses.com/news/mystery-bounty-strategy-2026/","HTTP Redirect"
"https://onlinepokerbonuses.com/news/freeroll-strategy-build-bankroll-from-zero-2026/","text/html","308","Permanent Redirect","Non-Indexable","Redirected","0","0,077","https://www.onlinepokerbonuses.com/news/freeroll-strategy-build-bankroll-from-zero-2026/","HTTP Redirect"
