"Address","Content Type","Status Code","Status","HTTP Version","Indexability","Indexability Status","Canonical Link Element 1","Meta Robots 1","X-Robots-Tag 1"
"https://www.onlinepokerbonuses.com/","text/html; charset=utf-8","200","OK","1.1","Non-Indexable","Canonicalised","https://onlinepokerbonuses.com/","index, follow",""
"https://www.onlinepokerbonuses.com/reviews/betonline-poker/","text/html; charset=utf-8","200","OK","1.1","Non-Indexable","Canonicalised","https://onlinepokerbonuses.com/reviews/betonline-poker/","index, follow",""
"https://www.onlinepokerbonuses.com/responsible-gambling/","text/html; charset=utf-8","200","OK","1.1","Non-Indexable","Canonicalised","https://onlinepokerbonuses.com/responsible-gambling/","index, follow",""
"https://www.onlinepokerbonuses.com/news/","text/html; charset=utf-8","200","OK","1.1","Non-Indexable","Canonicalised","https://onlinepokerbonuses.com/news/","index, follow",""
"https://www.onlinepokerbonuses.com/_next/static/chunks/polyfills-78c92fac7aa8fdd8.js?dpl=dpl_EsFMKXP3FuPDrcwH9tHgHFkMmYY9","application/javascript; charset=utf-8","200","OK","1.1","Indexable","","","",""
"https://www.onlinepokerbonuses.com/bonus-types/","text/html; charset=utf-8","200","OK","1.1","Non-Indexable","Canonicalised","https://onlinepokerbonuses.com/bonus-types/","index, follow",""
"https://www.onlinepokerbonuses.com/reviews/black-chip-poker/","text/html; charset=utf-8","200","OK","1.1","Non-Indexable","Canonicalised","https://onlinepokerbonuses.com/reviews/black-chip-poker/","index, follow",""
"https://www.onlinepokerbonuses.com/canada/","text/html; charset=utf-8","200","OK","1.1","Non-Indexable","Canonicalised","https://onlinepokerbonuses.com/canada/","index, follow",""
"https://www.onlinepokerbonuses.com/news/crypto-network-fees-poker-deposits-2026/","text/html; charset=utf-8","200","OK","1.1","Non-Indexable","Canonicalised","https://onlinepokerbonuses.com/news/crypto-network-fees-poker-deposits-2026/","index, follow",""
"https://www.onlinepokerbonuses.com/_next/static/chunks/webpack-cb86a99cd2f791d1.js?dpl=dpl_EsFMKXP3FuPDrcwH9tHgHFkMmYY9","application/javascript; charset=utf-8","200","OK","1.1","Indexable","","","",""
"https://www.onlinepokerbonuses.com/_next/static/chunks/main-app-f73cdb3bce740b12.js?dpl=dpl_EsFMKXP3FuPDrcwH9tHgHFkMmYY9","application/javascript; charset=utf-8","200","OK","1.1","Indexable","","","",""
"https://www.onlinepokerbonuses.com/_next/static/chunks/231-f35b59634dca96cb.js?dpl=dpl_EsFMKXP3FuPDrcwH9tHgHFkMmYY9","application/javascript; charset=utf-8","200","OK","1.1","Indexable","","","",""
"https://www.onlinepokerbonuses.com/reviews/americas-cardroom/","text/html; charset=utf-8","200","OK","1.1","Non-Indexable","Canonicalised","https://onlinepokerbonuses.com/reviews/americas-cardroom/","index, follow",""
"https://www.onlinepokerbonuses.com/reviews/sportsbetting-ag/","text/html; charset=utf-8","200","OK","1.1","Non-Indexable","Canonicalised","https://onlinepokerbonuses.com/reviews/sportsbetting-ag/","index, follow",""
"https://www.onlinepokerbonuses.com/_next/static/chunks/app/layout-e03966a4221a717c.js?dpl=dpl_EsFMKXP3FuPDrcwH9tHgHFkMmYY9","application/javascript; charset=utf-8","200","OK","1.1","Indexable","","","",""
"https://www.onlinepokerbonuses.com/_next/static/css/8818d3c3d86e4941.css?dpl=dpl_EsFMKXP3FuPDrcwH9tHgHFkMmYY9","text/css; charset=utf-8","200","OK","1.1","Indexable","","","",""
"https://www.onlinepokerbonuses.com/reviews/tigergaming/","text/html; charset=utf-8","200","OK","1.1","Non-Indexable","Canonicalised","https://onlinepokerbonuses.com/reviews/tigergaming/","index, follow",""
"https://www.onlinepokerbonuses.com/about/","text/html; charset=utf-8","200","OK","1.1","Non-Indexable","Canonicalised","https://onlinepokerbonuses.com/about/","index, follow",""
"https://www.onlinepokerbonuses.com/_next/static/chunks/23-87d72bc5bbe349b7.js?dpl=dpl_EsFMKXP3FuPDrcwH9tHgHFkMmYY9","application/javascript; charset=utf-8","200","OK","1.1","Indexable","","","",""
"https://www.onlinepokerbonuses.com/best-poker-bonuses/","text/html; charset=utf-8","200","OK","1.1","Non-Indexable","Canonicalised","https://onlinepokerbonuses.com/best-poker-bonuses/","index, follow",""
"https://www.onlinepokerbonuses.com/usa/","text/html; charset=utf-8","200","OK","1.1","Non-Indexable","Canonicalised","https://onlinepokerbonuses.com/usa/","index, follow",""
"https://www.onlinepokerbonuses.com/_next/static/chunks/app/page-92d109387bdaafa5.js?dpl=dpl_EsFMKXP3FuPDrcwH9tHgHFkMmYY9","application/javascript; charset=utf-8","200","OK","1.1","Indexable","","","",""
"https://www.onlinepokerbonuses.com/how-to-claim/","text/html; charset=utf-8","200","OK","1.1","Non-Indexable","Canonicalised","https://onlinepokerbonuses.com/how-to-claim/","index, follow",""
"https://www.onlinepokerbonuses.com/news/icm-explained-tournament-poker-2026/","text/html; charset=utf-8","200","OK","1.1","Non-Indexable","Canonicalised","https://onlinepokerbonuses.com/news/icm-explained-tournament-poker-2026/","index, follow",""
"https://www.onlinepokerbonuses.com/_next/static/chunks/app/how-to-claim/page-9a985a4875d92424.js?dpl=dpl_EsFMKXP3FuPDrcwH9tHgHFkMmYY9","application/javascript; charset=utf-8","200","OK","1.1","Indexable","","","",""
"https://www.onlinepokerbonuses.com/news/ontario-regulated-vs-offshore-poker-2026/","text/html; charset=utf-8","200","OK","1.1","Non-Indexable","Canonicalised","https://onlinepokerbonuses.com/news/ontario-regulated-vs-offshore-poker-2026/","index, follow",""
"https://www.onlinepokerbonuses.com/_next/static/chunks/fd9d1056-be48aeae6e94b8d1.js?dpl=dpl_EsFMKXP3FuPDrcwH9tHgHFkMmYY9","application/javascript; charset=utf-8","200","OK","1.1","Indexable","","","",""
"https://www.onlinepokerbonuses.com/_next/static/chunks/app/usa/page-eb7832cb282ba308.js?dpl=dpl_EsFMKXP3FuPDrcwH9tHgHFkMmYY9","application/javascript; charset=utf-8","200","OK","1.1","Indexable","","","",""
"https://www.onlinepokerbonuses.com/_next/static/chunks/app/best-poker-bonuses/page-d76722dc1b52f15b.js?dpl=dpl_EsFMKXP3FuPDrcwH9tHgHFkMmYY9","application/javascript; charset=utf-8","200","OK","1.1","Indexable","","","",""
"https://www.onlinepokerbonuses.com/_next/static/chunks/app/about/page-3bf613e24b9efcd7.js?dpl=dpl_EsFMKXP3FuPDrcwH9tHgHFkMmYY9","application/javascript; charset=utf-8","200","OK","1.1","Indexable","","","",""
"https://www.onlinepokerbonuses.com/_next/static/chunks/app/news/%5Bslug%5D/page-03c768a548eb710d.js?dpl=dpl_EsFMKXP3FuPDrcwH9tHgHFkMmYY9","application/javascript; charset=utf-8","200","OK","1.1","Indexable","","","",""
"https://www.onlinepokerbonuses.com/_next/static/chunks/app/canada/page-66e700b529b74f31.js?dpl=dpl_EsFMKXP3FuPDrcwH9tHgHFkMmYY9","application/javascript; charset=utf-8","200","OK","1.1","Indexable","","","",""
"https://www.onlinepokerbonuses.com/_next/static/chunks/app/bonus-types/page-1c881d9ae786c4bf.js?dpl=dpl_EsFMKXP3FuPDrcwH9tHgHFkMmYY9","application/javascript; charset=utf-8","200","OK","1.1","Indexable","","","",""
"https://www.onlinepokerbonuses.com/news/freeroll-strategy-build-bankroll-from-zero-2026/","text/html; charset=utf-8","200","OK","1.1","Non-Indexable","Canonicalised","https://onlinepokerbonuses.com/news/freeroll-strategy-build-bankroll-from-zero-2026/","index, follow",""
"https://www.onlinepokerbonuses.com/news/mystery-bounty-strategy-2026/","text/html; charset=utf-8","200","OK","1.1","Non-Indexable","Canonicalised","https://onlinepokerbonuses.com/news/mystery-bounty-strategy-2026/","index, follow",""
"https://www.onlinepokerbonuses.com/news/clear-2000-poker-bonus-guide/","text/html; charset=utf-8","200","OK","1.1","Non-Indexable","Canonicalised","https://onlinepokerbonuses.com/news/clear-2000-poker-bonus-guide/","index, follow",""
"https://www.onlinepokerbonuses.com/news/poker-bonus-codes-2026-guide/","text/html; charset=utf-8","200","OK","1.1","Non-Indexable","Canonicalised","https://onlinepokerbonuses.com/news/poker-bonus-codes-2026-guide/","index, follow",""
"https://www.onlinepokerbonuses.com/news/rakeback-wars-wpn-chico-2026/","text/html; charset=utf-8","200","OK","1.1","Non-Indexable","Canonicalised","https://onlinepokerbonuses.com/news/rakeback-wars-wpn-chico-2026/","index, follow",""
"https://www.onlinepokerbonuses.com/news/venom-2026-bonus-hunters/","text/html; charset=utf-8","200","OK","1.1","Non-Indexable","Canonicalised","https://onlinepokerbonuses.com/news/venom-2026-bonus-hunters/","index, follow",""
"https://www.onlinepokerbonuses.com/news/canada-online-poker-2026/","text/html; charset=utf-8","200","OK","1.1","Non-Indexable","Canonicalised","https://onlinepokerbonuses.com/news/canada-online-poker-2026/","index, follow",""
"https://www.onlinepokerbonuses.com/news/betonline-weekly-rakeback-deep-dive/","text/html; charset=utf-8","200","OK","1.1","Non-Indexable","Canonicalised","https://onlinepokerbonuses.com/news/betonline-weekly-rakeback-deep-dive/","index, follow",""
"https://www.onlinepokerbonuses.com/news/best-crypto-for-poker-deposits-2026/","text/html; charset=utf-8","200","OK","1.1","Non-Indexable","Canonicalised","https://onlinepokerbonuses.com/news/best-crypto-for-poker-deposits-2026/","index, follow",""
"https://www.onlinepokerbonuses.com/news/late-registration-strategy-tournaments-2026/","text/html; charset=utf-8","200","OK","1.1","Non-Indexable","Canonicalised","https://onlinepokerbonuses.com/news/late-registration-strategy-tournaments-2026/","index, follow",""
"https://www.onlinepokerbonuses.com/news/table-selection-softest-games-2026/","text/html; charset=utf-8","200","OK","1.1","Non-Indexable","Canonicalised","https://onlinepokerbonuses.com/news/table-selection-softest-games-2026/","index, follow",""
"https://www.onlinepokerbonuses.com/news/wpn-vs-chico-value-2026/","text/html; charset=utf-8","200","OK","1.1","Non-Indexable","Canonicalised","https://onlinepokerbonuses.com/news/wpn-vs-chico-value-2026/","index, follow",""
"https://www.onlinepokerbonuses.com/news/poker-vs-casino-bonus-combined-sites-2026/","text/html; charset=utf-8","200","OK","1.1","Non-Indexable","Canonicalised","https://onlinepokerbonuses.com/news/poker-vs-casino-bonus-combined-sites-2026/","index, follow",""
"https://www.onlinepokerbonuses.com/news/reload-bonuses-explained-2026/","text/html; charset=utf-8","200","OK","1.1","Non-Indexable","Canonicalised","https://onlinepokerbonuses.com/news/reload-bonuses-explained-2026/","index, follow",""
"https://www.onlinepokerbonuses.com/news/loyalty-tiers-wpn-chico-2026/","text/html; charset=utf-8","200","OK","1.1","Non-Indexable","Canonicalised","https://onlinepokerbonuses.com/news/loyalty-tiers-wpn-chico-2026/","index, follow",""
"https://www.onlinepokerbonuses.com/_next/static/chunks/app/news/page-d88d14df2d80fd03.js?dpl=dpl_EsFMKXP3FuPDrcwH9tHgHFkMmYY9","application/javascript; charset=utf-8","200","OK","1.1","Indexable","","","",""
"https://www.onlinepokerbonuses.com/news/tigergaming-vs-sportsbetting-chico-value-2026/","text/html; charset=utf-8","200","OK","1.1","Non-Indexable","Canonicalised","https://onlinepokerbonuses.com/news/tigergaming-vs-sportsbetting-chico-value-2026/","index, follow",""
"https://www.onlinepokerbonuses.com/news/sit-and-go-bankroll-builder-2026/","text/html; charset=utf-8","200","OK","1.1","Non-Indexable","Canonicalised","https://onlinepokerbonuses.com/news/sit-and-go-bankroll-builder-2026/","index, follow",""
"https://www.onlinepokerbonuses.com/news/crypto-deposit-boosts-explained-2026/","text/html; charset=utf-8","200","OK","1.1","Non-Indexable","Canonicalised","https://onlinepokerbonuses.com/news/crypto-deposit-boosts-explained-2026/","index, follow",""
"https://www.onlinepokerbonuses.com/news/crypto-cashouts-us-canada-2026/","text/html; charset=utf-8","200","OK","1.1","Non-Indexable","Canonicalised","https://onlinepokerbonuses.com/news/crypto-cashouts-us-canada-2026/","index, follow",""
"https://www.onlinepokerbonuses.com/news/bankroll-management-bonus-clearing-2026/","text/html; charset=utf-8","200","OK","1.1","Non-Indexable","Canonicalised","https://onlinepokerbonuses.com/news/bankroll-management-bonus-clearing-2026/","index, follow",""
"https://www.onlinepokerbonuses.com/news/stablecoin-poker-deposits-2026/","text/html; charset=utf-8","200","OK","1.1","Non-Indexable","Canonicalised","https://onlinepokerbonuses.com/news/stablecoin-poker-deposits-2026/","index, follow",""
"https://www.onlinepokerbonuses.com/news/first-deposit-bonus-mistakes-2026/","text/html; charset=utf-8","200","OK","1.1","Non-Indexable","Canonicalised","https://onlinepokerbonuses.com/news/first-deposit-bonus-mistakes-2026/","index, follow",""
"https://www.onlinepokerbonuses.com/news/deposit-match-vs-rakeback-2026/","text/html; charset=utf-8","200","OK","1.1","Non-Indexable","Canonicalised","https://onlinepokerbonuses.com/news/deposit-match-vs-rakeback-2026/","index, follow",""
"https://www.onlinepokerbonuses.com/news/are-poker-bonuses-taxable-us-canada-2026/","text/html; charset=utf-8","200","OK","1.1","Non-Indexable","Canonicalised","https://onlinepokerbonuses.com/news/are-poker-bonuses-taxable-us-canada-2026/","index, follow",""
"https://www.onlinepokerbonuses.com/news/us-online-poker-legislation-2026/","text/html; charset=utf-8","200","OK","1.1","Non-Indexable","Canonicalised","https://onlinepokerbonuses.com/news/us-online-poker-legislation-2026/","index, follow",""
"https://www.onlinepokerbonuses.com/news/no-deposit-poker-bonuses-2026/","text/html; charset=utf-8","200","OK","1.1","Non-Indexable","Canonicalised","https://onlinepokerbonuses.com/news/no-deposit-poker-bonuses-2026/","index, follow",""
"https://www.onlinepokerbonuses.com/news/sweepstakes-vs-offshore-poker-2026/","text/html; charset=utf-8","200","OK","1.1","Non-Indexable","Canonicalised","https://onlinepokerbonuses.com/news/sweepstakes-vs-offshore-poker-2026/","index, follow",""
"https://www.onlinepokerbonuses.com/news/multi-tabling-clear-bonus-faster-2026/","text/html; charset=utf-8","200","OK","1.1","Non-Indexable","Canonicalised","https://onlinepokerbonuses.com/news/multi-tabling-clear-bonus-faster-2026/","index, follow",""
"https://www.onlinepokerbonuses.com/news/mobile-poker-apps-us-canada-2026/","text/html; charset=utf-8","200","OK","1.1","Non-Indexable","Canonicalised","https://onlinepokerbonuses.com/news/mobile-poker-apps-us-canada-2026/","index, follow",""
"https://www.onlinepokerbonuses.com/_next/static/chunks/app/responsible-gambling/page-04353eeb4b30170d.js?dpl=dpl_EsFMKXP3FuPDrcwH9tHgHFkMmYY9","application/javascript; charset=utf-8","200","OK","1.1","Indexable","","","",""
"https://www.onlinepokerbonuses.com/_next/static/chunks/app/reviews/%5Bslug%5D/page-585f7dcdfc9069b4.js?dpl=dpl_EsFMKXP3FuPDrcwH9tHgHFkMmYY9","application/javascript; charset=utf-8","200","OK","1.1","Indexable","","","",""
"https://www.onlinepokerbonuses.com/news/oss-chico-series-bonus-clearing-2026/","text/html; charset=utf-8","200","OK","1.1","Non-Indexable","Canonicalised","https://onlinepokerbonuses.com/news/oss-chico-series-bonus-clearing-2026/","index, follow",""
"https://www.onlinepokerbonuses.com/news/poker-withdrawal-times-us-canada-2026/","text/html; charset=utf-8","200","OK","1.1","Non-Indexable","Canonicalised","https://onlinepokerbonuses.com/news/poker-withdrawal-times-us-canada-2026/","index, follow",""
