"Address","Content Type","Status Code","Status","Indexability","Indexability Status","Hash","Length","Canonical Link Element 1","URL Encoded Address"
"https://www.onlinepokerbonuses.com/","text/html; charset=utf-8","200","OK","Non-Indexable","Canonicalised","ad16d1743a5d34eeb89b375b9376369a","35","https://onlinepokerbonuses.com/","https://www.onlinepokerbonuses.com/"
"https://www.onlinepokerbonuses.com/reviews/betonline-poker/","text/html; charset=utf-8","200","OK","Non-Indexable","Canonicalised","48a0de9df33ec101c82efc6d8be3a64a","59","https://onlinepokerbonuses.com/reviews/betonline-poker/","https://www.onlinepokerbonuses.com/reviews/betonline-poker/"
"https://www.onlinepokerbonuses.com/responsible-gambling/","text/html; charset=utf-8","200","OK","Non-Indexable","Canonicalised","cfaa2086be792c219e60a7c067715a7f","56","https://onlinepokerbonuses.com/responsible-gambling/","https://www.onlinepokerbonuses.com/responsible-gambling/"
"https://www.onlinepokerbonuses.com/news/","text/html; charset=utf-8","200","OK","Non-Indexable","Canonicalised","d39d1bf01a700b3221d4b0c76456ee93","40","https://onlinepokerbonuses.com/news/","https://www.onlinepokerbonuses.com/news/"
"https://www.onlinepokerbonuses.com/_next/static/chunks/polyfills-78c92fac7aa8fdd8.js?dpl=dpl_EsFMKXP3FuPDrcwH9tHgHFkMmYY9","application/javascript; charset=utf-8","200","OK","Indexable","","","121","","https://www.onlinepokerbonuses.com/_next/static/chunks/polyfills-78c92fac7aa8fdd8.js?dpl=dpl_EsFMKXP3FuPDrcwH9tHgHFkMmYY9"
"https://www.onlinepokerbonuses.com/bonus-types/","text/html; charset=utf-8","200","OK","Non-Indexable","Canonicalised","232f51c5ddc20d2bc80da86b6e05fc63","47","https://onlinepokerbonuses.com/bonus-types/","https://www.onlinepokerbonuses.com/bonus-types/"
"https://www.onlinepokerbonuses.com/reviews/black-chip-poker/","text/html; charset=utf-8","200","OK","Non-Indexable","Canonicalised","b4c50d8aab3768502cc0a82c7a893d97","60","https://onlinepokerbonuses.com/reviews/black-chip-poker/","https://www.onlinepokerbonuses.com/reviews/black-chip-poker/"
"https://www.onlinepokerbonuses.com/canada/","text/html; charset=utf-8","200","OK","Non-Indexable","Canonicalised","512a1c4dc571e183614ba12385014e12","42","https://onlinepokerbonuses.com/canada/","https://www.onlinepokerbonuses.com/canada/"
"https://www.onlinepokerbonuses.com/news/crypto-network-fees-poker-deposits-2026/","text/html; charset=utf-8","200","OK","Non-Indexable","Canonicalised","b7aef4047cc65e2ef3a30e244fda5a0b","80","https://onlinepokerbonuses.com/news/crypto-network-fees-poker-deposits-2026/","https://www.onlinepokerbonuses.com/news/crypto-network-fees-poker-deposits-2026/"
"https://www.onlinepokerbonuses.com/_next/static/chunks/webpack-cb86a99cd2f791d1.js?dpl=dpl_EsFMKXP3FuPDrcwH9tHgHFkMmYY9","application/javascript; charset=utf-8","200","OK","Indexable","","","119","","https://www.onlinepokerbonuses.com/_next/static/chunks/webpack-cb86a99cd2f791d1.js?dpl=dpl_EsFMKXP3FuPDrcwH9tHgHFkMmYY9"
"https://www.onlinepokerbonuses.com/_next/static/chunks/main-app-f73cdb3bce740b12.js?dpl=dpl_EsFMKXP3FuPDrcwH9tHgHFkMmYY9","application/javascript; charset=utf-8","200","OK","Indexable","","","120","","https://www.onlinepokerbonuses.com/_next/static/chunks/main-app-f73cdb3bce740b12.js?dpl=dpl_EsFMKXP3FuPDrcwH9tHgHFkMmYY9"
"https://www.onlinepokerbonuses.com/_next/static/chunks/231-f35b59634dca96cb.js?dpl=dpl_EsFMKXP3FuPDrcwH9tHgHFkMmYY9","application/javascript; charset=utf-8","200","OK","Indexable","","","115","","https://www.onlinepokerbonuses.com/_next/static/chunks/231-f35b59634dca96cb.js?dpl=dpl_EsFMKXP3FuPDrcwH9tHgHFkMmYY9"
"https://www.onlinepokerbonuses.com/reviews/americas-cardroom/","text/html; charset=utf-8","200","OK","Non-Indexable","Canonicalised","d7b730dabb209a58d219325c97d912f7","61","https://onlinepokerbonuses.com/reviews/americas-cardroom/","https://www.onlinepokerbonuses.com/reviews/americas-cardroom/"
"https://www.onlinepokerbonuses.com/reviews/sportsbetting-ag/","text/html; charset=utf-8","200","OK","Non-Indexable","Canonicalised","9abd465494707d9263783bf9d0955132","60","https://onlinepokerbonuses.com/reviews/sportsbetting-ag/","https://www.onlinepokerbonuses.com/reviews/sportsbetting-ag/"
"https://onlinepokerbonuses.com/","text/html","308","Permanent Redirect","Non-Indexable","Redirected","","31","","https://onlinepokerbonuses.com/"
"https://www.onlinepokerbonuses.com/_next/static/chunks/app/layout-e03966a4221a717c.js?dpl=dpl_EsFMKXP3FuPDrcwH9tHgHFkMmYY9","application/javascript; charset=utf-8","200","OK","Indexable","","","122","","https://www.onlinepokerbonuses.com/_next/static/chunks/app/layout-e03966a4221a717c.js?dpl=dpl_EsFMKXP3FuPDrcwH9tHgHFkMmYY9"
"https://www.onlinepokerbonuses.com/_next/static/css/8818d3c3d86e4941.css?dpl=dpl_EsFMKXP3FuPDrcwH9tHgHFkMmYY9","text/css; charset=utf-8","200","OK","Indexable","","","109","","https://www.onlinepokerbonuses.com/_next/static/css/8818d3c3d86e4941.css?dpl=dpl_EsFMKXP3FuPDrcwH9tHgHFkMmYY9"
"https://www.onlinepokerbonuses.com/reviews/tigergaming/","text/html; charset=utf-8","200","OK","Non-Indexable","Canonicalised","40bee492beb3887dbfc2e536a238579","55","https://onlinepokerbonuses.com/reviews/tigergaming/","https://www.onlinepokerbonuses.com/reviews/tigergaming/"
"https://www.onlinepokerbonuses.com/about/","text/html; charset=utf-8","200","OK","Non-Indexable","Canonicalised","c686588e52a81a4be1e25719b02c76b9","41","https://onlinepokerbonuses.com/about/","https://www.onlinepokerbonuses.com/about/"
"https://www.onlinepokerbonuses.com/_next/static/chunks/23-87d72bc5bbe349b7.js?dpl=dpl_EsFMKXP3FuPDrcwH9tHgHFkMmYY9","application/javascript; charset=utf-8","200","OK","Indexable","","","114","","https://www.onlinepokerbonuses.com/_next/static/chunks/23-87d72bc5bbe349b7.js?dpl=dpl_EsFMKXP3FuPDrcwH9tHgHFkMmYY9"
"https://www.onlinepokerbonuses.com/best-poker-bonuses/","text/html; charset=utf-8","200","OK","Non-Indexable","Canonicalised","bae4ce5f993d26b7f0c52773f5c48bc3","54","https://onlinepokerbonuses.com/best-poker-bonuses/","https://www.onlinepokerbonuses.com/best-poker-bonuses/"
"https://www.onlinepokerbonuses.com/usa/","text/html; charset=utf-8","200","OK","Non-Indexable","Canonicalised","fdf4fe0f19e7bb97de29abcbcacc7eb2","39","https://onlinepokerbonuses.com/usa/","https://www.onlinepokerbonuses.com/usa/"
"https://www.onlinepokerbonuses.com/_next/static/chunks/app/page-92d109387bdaafa5.js?dpl=dpl_EsFMKXP3FuPDrcwH9tHgHFkMmYY9","application/javascript; charset=utf-8","200","OK","Indexable","","","120","","https://www.onlinepokerbonuses.com/_next/static/chunks/app/page-92d109387bdaafa5.js?dpl=dpl_EsFMKXP3FuPDrcwH9tHgHFkMmYY9"
"https://www.onlinepokerbonuses.com/how-to-claim/","text/html; charset=utf-8","200","OK","Non-Indexable","Canonicalised","2e6c94d2cce8a26f8d560bca7626cfc5","48","https://onlinepokerbonuses.com/how-to-claim/","https://www.onlinepokerbonuses.com/how-to-claim/"
"https://onlinepokerbonuses.com/usa/","text/html","308","Permanent Redirect","Non-Indexable","Redirected","","35","","https://onlinepokerbonuses.com/usa/"
"https://www.onlinepokerbonuses.com/news/icm-explained-tournament-poker-2026/","text/html; charset=utf-8","200","OK","Non-Indexable","Canonicalised","af15b446cece1cb256b6c44771ee8504","76","https://onlinepokerbonuses.com/news/icm-explained-tournament-poker-2026/","https://www.onlinepokerbonuses.com/news/icm-explained-tournament-poker-2026/"
"https://onlinepokerbonuses.com/how-to-claim/","text/html","308","Permanent Redirect","Non-Indexable","Redirected","","44","","https://onlinepokerbonuses.com/how-to-claim/"
"https://www.onlinepokerbonuses.com/_next/static/chunks/app/how-to-claim/page-9a985a4875d92424.js?dpl=dpl_EsFMKXP3FuPDrcwH9tHgHFkMmYY9","application/javascript; charset=utf-8","200","OK","Indexable","","","133","","https://www.onlinepokerbonuses.com/_next/static/chunks/app/how-to-claim/page-9a985a4875d92424.js?dpl=dpl_EsFMKXP3FuPDrcwH9tHgHFkMmYY9"
"https://www.onlinepokerbonuses.com/news/ontario-regulated-vs-offshore-poker-2026/","text/html; charset=utf-8","200","OK","Non-Indexable","Canonicalised","306ed45a0b4197309a9558b525691d3e","81","https://onlinepokerbonuses.com/news/ontario-regulated-vs-offshore-poker-2026/","https://www.onlinepokerbonuses.com/news/ontario-regulated-vs-offshore-poker-2026/"
"https://onlinepokerbonuses.com/news/icm-explained-tournament-poker-2026/","text/html","308","Permanent Redirect","Non-Indexable","Redirected","","72","","https://onlinepokerbonuses.com/news/icm-explained-tournament-poker-2026/"
"https://onlinepokerbonuses.com/best-poker-bonuses/","text/html","308","Permanent Redirect","Non-Indexable","Redirected","","50","","https://onlinepokerbonuses.com/best-poker-bonuses/"
"https://onlinepokerbonuses.com/news/ontario-regulated-vs-offshore-poker-2026/","text/html","308","Permanent Redirect","Non-Indexable","Redirected","","77","","https://onlinepokerbonuses.com/news/ontario-regulated-vs-offshore-poker-2026/"
"https://www.onlinepokerbonuses.com/_next/static/chunks/fd9d1056-be48aeae6e94b8d1.js?dpl=dpl_EsFMKXP3FuPDrcwH9tHgHFkMmYY9","application/javascript; charset=utf-8","200","OK","Indexable","","","120","","https://www.onlinepokerbonuses.com/_next/static/chunks/fd9d1056-be48aeae6e94b8d1.js?dpl=dpl_EsFMKXP3FuPDrcwH9tHgHFkMmYY9"
"https://onlinepokerbonuses.com/reviews/tigergaming/","text/html","308","Permanent Redirect","Non-Indexable","Redirected","","51","","https://onlinepokerbonuses.com/reviews/tigergaming/"
"https://www.onlinepokerbonuses.com/_next/static/chunks/app/usa/page-eb7832cb282ba308.js?dpl=dpl_EsFMKXP3FuPDrcwH9tHgHFkMmYY9","application/javascript; charset=utf-8","200","OK","Indexable","","","124","","https://www.onlinepokerbonuses.com/_next/static/chunks/app/usa/page-eb7832cb282ba308.js?dpl=dpl_EsFMKXP3FuPDrcwH9tHgHFkMmYY9"
"https://onlinepokerbonuses.com/about/","text/html","308","Permanent Redirect","Non-Indexable","Redirected","","37","","https://onlinepokerbonuses.com/about/"
"https://www.onlinepokerbonuses.com/_next/static/chunks/app/best-poker-bonuses/page-d76722dc1b52f15b.js?dpl=dpl_EsFMKXP3FuPDrcwH9tHgHFkMmYY9","application/javascript; charset=utf-8","200","OK","Indexable","","","139","","https://www.onlinepokerbonuses.com/_next/static/chunks/app/best-poker-bonuses/page-d76722dc1b52f15b.js?dpl=dpl_EsFMKXP3FuPDrcwH9tHgHFkMmYY9"
"https://onlinepokerbonuses.com/reviews/americas-cardroom/","text/html","308","Permanent Redirect","Non-Indexable","Redirected","","57","","https://onlinepokerbonuses.com/reviews/americas-cardroom/"
"https://onlinepokerbonuses.com/reviews/sportsbetting-ag/","text/html","308","Permanent Redirect","Non-Indexable","Redirected","","56","","https://onlinepokerbonuses.com/reviews/sportsbetting-ag/"
"https://www.onlinepokerbonuses.com/_next/static/chunks/app/about/page-3bf613e24b9efcd7.js?dpl=dpl_EsFMKXP3FuPDrcwH9tHgHFkMmYY9","application/javascript; charset=utf-8","200","OK","Indexable","","","126","","https://www.onlinepokerbonuses.com/_next/static/chunks/app/about/page-3bf613e24b9efcd7.js?dpl=dpl_EsFMKXP3FuPDrcwH9tHgHFkMmYY9"
"https://onlinepokerbonuses.com/news/crypto-network-fees-poker-deposits-2026/","text/html","308","Permanent Redirect","Non-Indexable","Redirected","","76","","https://onlinepokerbonuses.com/news/crypto-network-fees-poker-deposits-2026/"
"https://onlinepokerbonuses.com/canada/","text/html","308","Permanent Redirect","Non-Indexable","Redirected","","38","","https://onlinepokerbonuses.com/canada/"
"https://onlinepokerbonuses.com/bonus-types/","text/html","308","Permanent Redirect","Non-Indexable","Redirected","","43","","https://onlinepokerbonuses.com/bonus-types/"
"https://www.onlinepokerbonuses.com/_next/static/chunks/app/news/%5Bslug%5D/page-03c768a548eb710d.js?dpl=dpl_EsFMKXP3FuPDrcwH9tHgHFkMmYY9","application/javascript; charset=utf-8","200","OK","Indexable","","","136","","https://www.onlinepokerbonuses.com/_next/static/chunks/app/news/%5Bslug%5D/page-03c768a548eb710d.js?dpl=dpl_EsFMKXP3FuPDrcwH9tHgHFkMmYY9"
"https://onlinepokerbonuses.com/reviews/black-chip-poker/","text/html","308","Permanent Redirect","Non-Indexable","Redirected","","56","","https://onlinepokerbonuses.com/reviews/black-chip-poker/"
"https://www.onlinepokerbonuses.com/_next/static/chunks/app/canada/page-66e700b529b74f31.js?dpl=dpl_EsFMKXP3FuPDrcwH9tHgHFkMmYY9","application/javascript; charset=utf-8","200","OK","Indexable","","","127","","https://www.onlinepokerbonuses.com/_next/static/chunks/app/canada/page-66e700b529b74f31.js?dpl=dpl_EsFMKXP3FuPDrcwH9tHgHFkMmYY9"
"https://www.onlinepokerbonuses.com/_next/static/chunks/app/bonus-types/page-1c881d9ae786c4bf.js?dpl=dpl_EsFMKXP3FuPDrcwH9tHgHFkMmYY9","application/javascript; charset=utf-8","200","OK","Indexable","","","132","","https://www.onlinepokerbonuses.com/_next/static/chunks/app/bonus-types/page-1c881d9ae786c4bf.js?dpl=dpl_EsFMKXP3FuPDrcwH9tHgHFkMmYY9"
"https://onlinepokerbonuses.com/news/","text/html","308","Permanent Redirect","Non-Indexable","Redirected","","36","","https://onlinepokerbonuses.com/news/"
"https://www.onlinepokerbonuses.com/news/freeroll-strategy-build-bankroll-from-zero-2026/","text/html; charset=utf-8","200","OK","Non-Indexable","Canonicalised","880395d993ddc87098a816d8fcc8948a","88","https://onlinepokerbonuses.com/news/freeroll-strategy-build-bankroll-from-zero-2026/","https://www.onlinepokerbonuses.com/news/freeroll-strategy-build-bankroll-from-zero-2026/"
"https://www.onlinepokerbonuses.com/news/mystery-bounty-strategy-2026/","text/html; charset=utf-8","200","OK","Non-Indexable","Canonicalised","b7f5f7d25831f1ebe8cb78d6cda3c4dc","69","https://onlinepokerbonuses.com/news/mystery-bounty-strategy-2026/","https://www.onlinepokerbonuses.com/news/mystery-bounty-strategy-2026/"
"https://www.onlinepokerbonuses.com/news/clear-2000-poker-bonus-guide/","text/html; charset=utf-8","200","OK","Non-Indexable","Canonicalised","ab341b891dfe2129727278f9fd9518db","69","https://onlinepokerbonuses.com/news/clear-2000-poker-bonus-guide/","https://www.onlinepokerbonuses.com/news/clear-2000-poker-bonus-guide/"
"https://www.onlinepokerbonuses.com/news/poker-bonus-codes-2026-guide/","text/html; charset=utf-8","200","OK","Non-Indexable","Canonicalised","94503d84061b47f8449c627d2515a1bb","69","https://onlinepokerbonuses.com/news/poker-bonus-codes-2026-guide/","https://www.onlinepokerbonuses.com/news/poker-bonus-codes-2026-guide/"
"https://www.onlinepokerbonuses.com/news/rakeback-wars-wpn-chico-2026/","text/html; charset=utf-8","200","OK","Non-Indexable","Canonicalised","8e7a1b282fc0e10750bccc47bfa9fc27","69","https://onlinepokerbonuses.com/news/rakeback-wars-wpn-chico-2026/","https://www.onlinepokerbonuses.com/news/rakeback-wars-wpn-chico-2026/"
"https://www.onlinepokerbonuses.com/news/venom-2026-bonus-hunters/","text/html; charset=utf-8","200","OK","Non-Indexable","Canonicalised","b5adced55d8825e2343f4aed9d23bac9","65","https://onlinepokerbonuses.com/news/venom-2026-bonus-hunters/","https://www.onlinepokerbonuses.com/news/venom-2026-bonus-hunters/"
"https://www.onlinepokerbonuses.com/news/canada-online-poker-2026/","text/html; charset=utf-8","200","OK","Non-Indexable","Canonicalised","e57be7757b1591e4ae808784210c3aef","65","https://onlinepokerbonuses.com/news/canada-online-poker-2026/","https://www.onlinepokerbonuses.com/news/canada-online-poker-2026/"
"https://www.onlinepokerbonuses.com/news/betonline-weekly-rakeback-deep-dive/","text/html; charset=utf-8","200","OK","Non-Indexable","Canonicalised","88baa9b6790c0a0886f28e321afa4c58","76","https://onlinepokerbonuses.com/news/betonline-weekly-rakeback-deep-dive/","https://www.onlinepokerbonuses.com/news/betonline-weekly-rakeback-deep-dive/"
"https://www.onlinepokerbonuses.com/news/best-crypto-for-poker-deposits-2026/","text/html; charset=utf-8","200","OK","Non-Indexable","Canonicalised","b57e7eca45964d0eac99ed7ff1eda189","76","https://onlinepokerbonuses.com/news/best-crypto-for-poker-deposits-2026/","https://www.onlinepokerbonuses.com/news/best-crypto-for-poker-deposits-2026/"
"https://www.onlinepokerbonuses.com/news/late-registration-strategy-tournaments-2026/","text/html; charset=utf-8","200","OK","Non-Indexable","Canonicalised","a28d696b0ab792c8d87ae08033dff6dd","84","https://onlinepokerbonuses.com/news/late-registration-strategy-tournaments-2026/","https://www.onlinepokerbonuses.com/news/late-registration-strategy-tournaments-2026/"
"https://www.onlinepokerbonuses.com/news/table-selection-softest-games-2026/","text/html; charset=utf-8","200","OK","Non-Indexable","Canonicalised","859b2282688fa4046e8fbe90450aef50","75","https://onlinepokerbonuses.com/news/table-selection-softest-games-2026/","https://www.onlinepokerbonuses.com/news/table-selection-softest-games-2026/"
"https://www.onlinepokerbonuses.com/news/wpn-vs-chico-value-2026/","text/html; charset=utf-8","200","OK","Non-Indexable","Canonicalised","ebbb3a332e0c5e9b2904857fd9a35fb1","64","https://onlinepokerbonuses.com/news/wpn-vs-chico-value-2026/","https://www.onlinepokerbonuses.com/news/wpn-vs-chico-value-2026/"
"https://www.onlinepokerbonuses.com/news/poker-vs-casino-bonus-combined-sites-2026/","text/html; charset=utf-8","200","OK","Non-Indexable","Canonicalised","486ec77020815431887b72f0499aecbb","82","https://onlinepokerbonuses.com/news/poker-vs-casino-bonus-combined-sites-2026/","https://www.onlinepokerbonuses.com/news/poker-vs-casino-bonus-combined-sites-2026/"
"https://www.onlinepokerbonuses.com/news/reload-bonuses-explained-2026/","text/html; charset=utf-8","200","OK","Non-Indexable","Canonicalised","db7887365c07f2703e1eb4c2f94872a7","70","https://onlinepokerbonuses.com/news/reload-bonuses-explained-2026/","https://www.onlinepokerbonuses.com/news/reload-bonuses-explained-2026/"
"https://www.onlinepokerbonuses.com/news/loyalty-tiers-wpn-chico-2026/","text/html; charset=utf-8","200","OK","Non-Indexable","Canonicalised","41db14f78f2715fdb37bec4e04073e22","69","https://onlinepokerbonuses.com/news/loyalty-tiers-wpn-chico-2026/","https://www.onlinepokerbonuses.com/news/loyalty-tiers-wpn-chico-2026/"
"https://www.onlinepokerbonuses.com/_next/static/chunks/app/news/page-d88d14df2d80fd03.js?dpl=dpl_EsFMKXP3FuPDrcwH9tHgHFkMmYY9","application/javascript; charset=utf-8","200","OK","Indexable","","","125","","https://www.onlinepokerbonuses.com/_next/static/chunks/app/news/page-d88d14df2d80fd03.js?dpl=dpl_EsFMKXP3FuPDrcwH9tHgHFkMmYY9"
"https://www.onlinepokerbonuses.com/news/tigergaming-vs-sportsbetting-chico-value-2026/","text/html; charset=utf-8","200","OK","Non-Indexable","Canonicalised","49c2a416637edf18160f92f61787458a","86","https://onlinepokerbonuses.com/news/tigergaming-vs-sportsbetting-chico-value-2026/","https://www.onlinepokerbonuses.com/news/tigergaming-vs-sportsbetting-chico-value-2026/"
"https://www.onlinepokerbonuses.com/news/sit-and-go-bankroll-builder-2026/","text/html; charset=utf-8","200","OK","Non-Indexable","Canonicalised","2e836691240fe3a08bb785591f319761","73","https://onlinepokerbonuses.com/news/sit-and-go-bankroll-builder-2026/","https://www.onlinepokerbonuses.com/news/sit-and-go-bankroll-builder-2026/"
"https://www.onlinepokerbonuses.com/news/crypto-deposit-boosts-explained-2026/","text/html; charset=utf-8","200","OK","Non-Indexable","Canonicalised","8bb85554c6b285c641a4f24c26f831cc","77","https://onlinepokerbonuses.com/news/crypto-deposit-boosts-explained-2026/","https://www.onlinepokerbonuses.com/news/crypto-deposit-boosts-explained-2026/"
"https://www.onlinepokerbonuses.com/news/crypto-cashouts-us-canada-2026/","text/html; charset=utf-8","200","OK","Non-Indexable","Canonicalised","780028287adb681839a05efe4cf1bf3b","71","https://onlinepokerbonuses.com/news/crypto-cashouts-us-canada-2026/","https://www.onlinepokerbonuses.com/news/crypto-cashouts-us-canada-2026/"
"https://www.onlinepokerbonuses.com/news/bankroll-management-bonus-clearing-2026/","text/html; charset=utf-8","200","OK","Non-Indexable","Canonicalised","358cf2aedabfe0b598f690637781fc12","80","https://onlinepokerbonuses.com/news/bankroll-management-bonus-clearing-2026/","https://www.onlinepokerbonuses.com/news/bankroll-management-bonus-clearing-2026/"
"https://www.onlinepokerbonuses.com/news/stablecoin-poker-deposits-2026/","text/html; charset=utf-8","200","OK","Non-Indexable","Canonicalised","aae99c8a45bc3d466ada65acb20d52d1","71","https://onlinepokerbonuses.com/news/stablecoin-poker-deposits-2026/","https://www.onlinepokerbonuses.com/news/stablecoin-poker-deposits-2026/"
"https://www.onlinepokerbonuses.com/news/first-deposit-bonus-mistakes-2026/","text/html; charset=utf-8","200","OK","Non-Indexable","Canonicalised","67f6def3a9d245d781ad57edd678408e","74","https://onlinepokerbonuses.com/news/first-deposit-bonus-mistakes-2026/","https://www.onlinepokerbonuses.com/news/first-deposit-bonus-mistakes-2026/"
"https://www.onlinepokerbonuses.com/news/deposit-match-vs-rakeback-2026/","text/html; charset=utf-8","200","OK","Non-Indexable","Canonicalised","7e68172f209e916d4c0ddfebe8a9a3ba","71","https://onlinepokerbonuses.com/news/deposit-match-vs-rakeback-2026/","https://www.onlinepokerbonuses.com/news/deposit-match-vs-rakeback-2026/"
"https://www.onlinepokerbonuses.com/news/are-poker-bonuses-taxable-us-canada-2026/","text/html; charset=utf-8","200","OK","Non-Indexable","Canonicalised","fb22f86d861ce75f9dcb61954e6be44a","81","https://onlinepokerbonuses.com/news/are-poker-bonuses-taxable-us-canada-2026/","https://www.onlinepokerbonuses.com/news/are-poker-bonuses-taxable-us-canada-2026/"
"https://www.onlinepokerbonuses.com/news/us-online-poker-legislation-2026/","text/html; charset=utf-8","200","OK","Non-Indexable","Canonicalised","6f01d71a4a87ba0ed8ec0f4cd87618d","73","https://onlinepokerbonuses.com/news/us-online-poker-legislation-2026/","https://www.onlinepokerbonuses.com/news/us-online-poker-legislation-2026/"
"https://www.onlinepokerbonuses.com/news/no-deposit-poker-bonuses-2026/","text/html; charset=utf-8","200","OK","Non-Indexable","Canonicalised","37357ac925de8606b75586a3d8dea2e1","70","https://onlinepokerbonuses.com/news/no-deposit-poker-bonuses-2026/","https://www.onlinepokerbonuses.com/news/no-deposit-poker-bonuses-2026/"
"https://www.onlinepokerbonuses.com/news/sweepstakes-vs-offshore-poker-2026/","text/html; charset=utf-8","200","OK","Non-Indexable","Canonicalised","488a5f8e4043fbc703299d2657dacfbc","75","https://onlinepokerbonuses.com/news/sweepstakes-vs-offshore-poker-2026/","https://www.onlinepokerbonuses.com/news/sweepstakes-vs-offshore-poker-2026/"
"https://www.onlinepokerbonuses.com/news/multi-tabling-clear-bonus-faster-2026/","text/html; charset=utf-8","200","OK","Non-Indexable","Canonicalised","79b487ee51e63355412c7916c622e7e4","78","https://onlinepokerbonuses.com/news/multi-tabling-clear-bonus-faster-2026/","https://www.onlinepokerbonuses.com/news/multi-tabling-clear-bonus-faster-2026/"
"https://www.onlinepokerbonuses.com/news/mobile-poker-apps-us-canada-2026/","text/html; charset=utf-8","200","OK","Non-Indexable","Canonicalised","4eee3edffa296abaeaa5b923d6f857b7","73","https://onlinepokerbonuses.com/news/mobile-poker-apps-us-canada-2026/","https://www.onlinepokerbonuses.com/news/mobile-poker-apps-us-canada-2026/"
"https://onlinepokerbonuses.com/responsible-gambling/","text/html","308","Permanent Redirect","Non-Indexable","Redirected","","52","","https://onlinepokerbonuses.com/responsible-gambling/"
"https://onlinepokerbonuses.com/reviews/betonline-poker/","text/html","308","Permanent Redirect","Non-Indexable","Redirected","","55","","https://onlinepokerbonuses.com/reviews/betonline-poker/"
"https://www.onlinepokerbonuses.com/_next/static/chunks/app/responsible-gambling/page-04353eeb4b30170d.js?dpl=dpl_EsFMKXP3FuPDrcwH9tHgHFkMmYY9","application/javascript; charset=utf-8","200","OK","Indexable","","","141","","https://www.onlinepokerbonuses.com/_next/static/chunks/app/responsible-gambling/page-04353eeb4b30170d.js?dpl=dpl_EsFMKXP3FuPDrcwH9tHgHFkMmYY9"
"https://onlinepokerbonuses.com/news/mobile-poker-apps-us-canada-2026/","text/html","308","Permanent Redirect","Non-Indexable","Redirected","","69","","https://onlinepokerbonuses.com/news/mobile-poker-apps-us-canada-2026/"
"https://onlinepokerbonuses.com/news/multi-tabling-clear-bonus-faster-2026/","text/html","308","Permanent Redirect","Non-Indexable","Redirected","","74","","https://onlinepokerbonuses.com/news/multi-tabling-clear-bonus-faster-2026/"
"https://www.onlinepokerbonuses.com/_next/static/chunks/app/reviews/%5Bslug%5D/page-585f7dcdfc9069b4.js?dpl=dpl_EsFMKXP3FuPDrcwH9tHgHFkMmYY9","application/javascript; charset=utf-8","200","OK","Indexable","","","139","","https://www.onlinepokerbonuses.com/_next/static/chunks/app/reviews/%5Bslug%5D/page-585f7dcdfc9069b4.js?dpl=dpl_EsFMKXP3FuPDrcwH9tHgHFkMmYY9"
"https://onlinepokerbonuses.com/news/sweepstakes-vs-offshore-poker-2026/","text/html","308","Permanent Redirect","Non-Indexable","Redirected","","71","","https://onlinepokerbonuses.com/news/sweepstakes-vs-offshore-poker-2026/"
"https://www.onlinepokerbonuses.com/news/oss-chico-series-bonus-clearing-2026/","text/html; charset=utf-8","200","OK","Non-Indexable","Canonicalised","59e2e4ac1d7eaa3e0be82bdb329163ae","77","https://onlinepokerbonuses.com/news/oss-chico-series-bonus-clearing-2026/","https://www.onlinepokerbonuses.com/news/oss-chico-series-bonus-clearing-2026/"
"https://www.onlinepokerbonuses.com/news/poker-withdrawal-times-us-canada-2026/","text/html; charset=utf-8","200","OK","Non-Indexable","Canonicalised","c349f26ac51d925f3a406307e024c7ca","78","https://onlinepokerbonuses.com/news/poker-withdrawal-times-us-canada-2026/","https://www.onlinepokerbonuses.com/news/poker-withdrawal-times-us-canada-2026/"
"https://onlinepokerbonuses.com/news/no-deposit-poker-bonuses-2026/","text/html","308","Permanent Redirect","Non-Indexable","Redirected","","66","","https://onlinepokerbonuses.com/news/no-deposit-poker-bonuses-2026/"
"https://onlinepokerbonuses.com/news/are-poker-bonuses-taxable-us-canada-2026/","text/html","308","Permanent Redirect","Non-Indexable","Redirected","","77","","https://onlinepokerbonuses.com/news/are-poker-bonuses-taxable-us-canada-2026/"
"https://onlinepokerbonuses.com/news/us-online-poker-legislation-2026/","text/html","308","Permanent Redirect","Non-Indexable","Redirected","","69","","https://onlinepokerbonuses.com/news/us-online-poker-legislation-2026/"
"https://onlinepokerbonuses.com/news/oss-chico-series-bonus-clearing-2026/","text/html","308","Permanent Redirect","Non-Indexable","Redirected","","73","","https://onlinepokerbonuses.com/news/oss-chico-series-bonus-clearing-2026/"
"https://onlinepokerbonuses.com/news/poker-withdrawal-times-us-canada-2026/","text/html","308","Permanent Redirect","Non-Indexable","Redirected","","74","","https://onlinepokerbonuses.com/news/poker-withdrawal-times-us-canada-2026/"
"https://onlinepokerbonuses.com/news/deposit-match-vs-rakeback-2026/","text/html","308","Permanent Redirect","Non-Indexable","Redirected","","67","","https://onlinepokerbonuses.com/news/deposit-match-vs-rakeback-2026/"
"https://onlinepokerbonuses.com/news/stablecoin-poker-deposits-2026/","text/html","308","Permanent Redirect","Non-Indexable","Redirected","","67","","https://onlinepokerbonuses.com/news/stablecoin-poker-deposits-2026/"
"https://onlinepokerbonuses.com/news/first-deposit-bonus-mistakes-2026/","text/html","308","Permanent Redirect","Non-Indexable","Redirected","","70","","https://onlinepokerbonuses.com/news/first-deposit-bonus-mistakes-2026/"
"https://onlinepokerbonuses.com/news/crypto-cashouts-us-canada-2026/","text/html","308","Permanent Redirect","Non-Indexable","Redirected","","67","","https://onlinepokerbonuses.com/news/crypto-cashouts-us-canada-2026/"
"https://onlinepokerbonuses.com/news/bankroll-management-bonus-clearing-2026/","text/html","308","Permanent Redirect","Non-Indexable","Redirected","","76","","https://onlinepokerbonuses.com/news/bankroll-management-bonus-clearing-2026/"
"https://onlinepokerbonuses.com/news/sit-and-go-bankroll-builder-2026/","text/html","308","Permanent Redirect","Non-Indexable","Redirected","","69","","https://onlinepokerbonuses.com/news/sit-and-go-bankroll-builder-2026/"
"https://onlinepokerbonuses.com/news/tigergaming-vs-sportsbetting-chico-value-2026/","text/html","308","Permanent Redirect","Non-Indexable","Redirected","","82","","https://onlinepokerbonuses.com/news/tigergaming-vs-sportsbetting-chico-value-2026/"
"https://onlinepokerbonuses.com/news/crypto-deposit-boosts-explained-2026/","text/html","308","Permanent Redirect","Non-Indexable","Redirected","","73","","https://onlinepokerbonuses.com/news/crypto-deposit-boosts-explained-2026/"
"https://onlinepokerbonuses.com/news/loyalty-tiers-wpn-chico-2026/","text/html","308","Permanent Redirect","Non-Indexable","Redirected","","65","","https://onlinepokerbonuses.com/news/loyalty-tiers-wpn-chico-2026/"
"https://onlinepokerbonuses.com/news/reload-bonuses-explained-2026/","text/html","308","Permanent Redirect","Non-Indexable","Redirected","","66","","https://onlinepokerbonuses.com/news/reload-bonuses-explained-2026/"
"https://onlinepokerbonuses.com/news/poker-vs-casino-bonus-combined-sites-2026/","text/html","308","Permanent Redirect","Non-Indexable","Redirected","","78","","https://onlinepokerbonuses.com/news/poker-vs-casino-bonus-combined-sites-2026/"
"https://onlinepokerbonuses.com/news/table-selection-softest-games-2026/","text/html","308","Permanent Redirect","Non-Indexable","Redirected","","71","","https://onlinepokerbonuses.com/news/table-selection-softest-games-2026/"
"https://onlinepokerbonuses.com/news/late-registration-strategy-tournaments-2026/","text/html","308","Permanent Redirect","Non-Indexable","Redirected","","80","","https://onlinepokerbonuses.com/news/late-registration-strategy-tournaments-2026/"
"https://onlinepokerbonuses.com/news/best-crypto-for-poker-deposits-2026/","text/html","308","Permanent Redirect","Non-Indexable","Redirected","","72","","https://onlinepokerbonuses.com/news/best-crypto-for-poker-deposits-2026/"
"https://onlinepokerbonuses.com/news/wpn-vs-chico-value-2026/","text/html","308","Permanent Redirect","Non-Indexable","Redirected","","60","","https://onlinepokerbonuses.com/news/wpn-vs-chico-value-2026/"
"https://onlinepokerbonuses.com/news/betonline-weekly-rakeback-deep-dive/","text/html","308","Permanent Redirect","Non-Indexable","Redirected","","72","","https://onlinepokerbonuses.com/news/betonline-weekly-rakeback-deep-dive/"
"https://onlinepokerbonuses.com/news/venom-2026-bonus-hunters/","text/html","308","Permanent Redirect","Non-Indexable","Redirected","","61","","https://onlinepokerbonuses.com/news/venom-2026-bonus-hunters/"
"https://onlinepokerbonuses.com/news/rakeback-wars-wpn-chico-2026/","text/html","308","Permanent Redirect","Non-Indexable","Redirected","","65","","https://onlinepokerbonuses.com/news/rakeback-wars-wpn-chico-2026/"
"https://onlinepokerbonuses.com/news/canada-online-poker-2026/","text/html","308","Permanent Redirect","Non-Indexable","Redirected","","61","","https://onlinepokerbonuses.com/news/canada-online-poker-2026/"
"https://onlinepokerbonuses.com/news/poker-bonus-codes-2026-guide/","text/html","308","Permanent Redirect","Non-Indexable","Redirected","","65","","https://onlinepokerbonuses.com/news/poker-bonus-codes-2026-guide/"
"https://onlinepokerbonuses.com/news/clear-2000-poker-bonus-guide/","text/html","308","Permanent Redirect","Non-Indexable","Redirected","","65","","https://onlinepokerbonuses.com/news/clear-2000-poker-bonus-guide/"
"https://onlinepokerbonuses.com/news/mystery-bounty-strategy-2026/","text/html","308","Permanent Redirect","Non-Indexable","Redirected","","65","","https://onlinepokerbonuses.com/news/mystery-bounty-strategy-2026/"
"https://onlinepokerbonuses.com/news/freeroll-strategy-build-bankroll-from-zero-2026/","text/html","308","Permanent Redirect","Non-Indexable","Redirected","","84","","https://onlinepokerbonuses.com/news/freeroll-strategy-build-bankroll-from-zero-2026/"
